beach_id,marina_id,udaljenost_km
1,node/431088510,1.74
1,node/497549320,5.82
1,node/517872826,1.54
1,node/517904544,1.29
1,node/1449508274,2.06
1,node/1860020712,1.78
1,node/4262750427,7.12
1,node/12409171546,6.23
1,node/13507759987,0.65
2,node/431088510,2.55
2,node/497549320,5.05
2,node/517872826,0.89
2,node/517904544,1.22
2,node/1449508274,1.35
2,node/1860020712,2.63
2,node/4262750427,6.23
2,node/12409171546,7.04
2,node/13507759987,1.52
3,node/431088510,2.33
3,node/497549320,5.1
3,node/517872826,0.84
3,node/517904544,1.01
3,node/1449508274,1.35
3,node/1860020712,2.43
3,node/4262750427,6.37
3,node/12409171546,6.82
3,node/13507759987,1.34
4,node/431088510,2.15
4,node/497549320,5.43
4,node/517872826,1.18
4,node/517904544,1.19
4,node/1449508274,1.69
4,node/1860020712,2.21
4,node/4262750427,6.67
4,node/12409171546,6.65
4,node/13507759987,1.09
5,node/431088510,1.12
5,node/497549320,6.2
5,node/517872826,1.95
5,node/517904544,1.4
5,node/1449508274,2.47
5,node/1860020712,1.15
5,node/4262750427,7.64
5,node/12409171546,5.6
5,node/13507759987,0.07
6,node/482841052,1.85
6,node/1419109827,5.03
6,node/1747950843,9.53
6,node/4252915096,9.96
7,node/579792962,5.96
7,node/579794631,8.1
7,node/673411579,8.18
7,node/2951332985,4.93
8,node/1394720950,2.55
8,node/1599814456,3.36
8,node/2008968277,9.12
8,node/10280266203,6.68
8,node/11483245295,9.26
8,node/11833156908,4.95
9,node/1394720950,2.87
9,node/1599814456,3.09
9,node/2008968277,9.43
9,node/10280266203,6.4
9,node/11483245295,9.57
9,node/11833156908,5.22
10,node/3670462062,4.51
11,node/431088510,9.9
11,node/579792962,3.6
11,node/579794631,0.76
11,node/673411579,2.26
11,node/1860020712,9.8
11,node/2951332985,4.42
11,node/12409171546,5.55
12,node/1394720950,4.92
12,node/1599814456,0.9
12,node/10280266203,4.22
12,node/11833156908,7.4
13,node/1394720950,4.98
13,node/1599814456,0.82
13,node/10280266203,4.15
13,node/11833156908,7.51
20,node/1394720950,2.19
20,node/1599814456,7.62
20,node/2008968277,5.2
20,node/11483245295,5.35
20,node/11833156908,0.72
21,node/1394720950,2.46
21,node/1599814456,7.87
21,node/2008968277,5.05
21,node/11483245295,5.2
21,node/11833156908,0.45
22,node/1419109827,4.51
22,node/4252915096,0.99
23,node/431088510,9.81
23,node/579792962,5.07
23,node/579794631,2.73
23,node/673411579,0.48
23,node/1860020712,9.77
23,node/2951332985,3.85
23,node/12409171546,5.32
24,node/579792962,4.97
24,node/579794631,3.01
24,node/673411579,0.24
24,node/2951332985,3.18
24,node/12409171546,6.01
25,node/418342927,6.78
25,node/2008968277,8.58
25,node/11483245295,8.43
26,node/1394720950,9.66
26,node/1599814456,3.9
26,node/10280266203,0.69
27,node/1394720950,9.05
27,node/1599814456,3.26
27,node/10280266203,0.14
28,node/1394720950,9.75
28,node/1599814456,3.96
28,node/10280266203,0.65
29,node/1747950843,5.09
30,node/1747950843,5.26
31,node/418342927,5.51
32,node/418342927,5.42
33,node/418342927,5.49
34,node/418342927,5.48
35,node/2008968277,4.81
35,node/11483245295,4.67
35,node/11833156908,9.38
36,node/11469851119,9.84
38,node/418342927,0.62
39,node/418342927,1.29
40,node/418342927,1.84
41,node/418342927,1.23
42,node/497549320,3.43
42,node/517872826,7.69
42,node/517904544,8.19
42,node/1449508274,7.17
42,node/4262750427,3.94
42,node/13507759987,9.63
43,node/497549320,3.85
43,node/517872826,8.12
43,node/517904544,8.63
43,node/1449508274,7.6
43,node/4262750427,4.21
44,node/431088510,9.82
44,node/497549320,3.11
44,node/517872826,7.38
44,node/517904544,7.89
44,node/1449508274,6.86
44,node/4262750427,3.67
44,node/13507759987,9.32
45,node/579792962,8.4
45,node/2951332985,7.68
46,node/2951332985,9.26
48,node/1599814456,8.59
48,node/10280266203,5.26
48,node/11469851119,9.84
49,node/1599814456,8.06
49,node/10280266203,4.72
50,node/1599814456,8.71
50,node/10280266203,5.38
50,node/11469851119,9.66
51,node/11469851119,9.79
52,node/418342927,9.5
52,node/2008968277,5.89
52,node/11483245295,5.74
53,node/418342927,9.07
53,node/2008968277,6.29
53,node/11483245295,6.15
54,node/418342927,8.9
54,node/2008968277,6.47
54,node/11483245295,6.32
55,node/1747950843,4.71
56,node/1747950843,4.55
57,node/1747950843,4.65
58,node/1747950843,4.96
59,node/1747950843,4.62
60,node/1394720950,4.41
60,node/2008968277,3.0
60,node/11483245295,3.15
60,node/11833156908,1.87
61,node/1394720950,4.68
61,node/2008968277,2.09
61,node/11483245295,2.24
61,node/11833156908,2.65
62,node/1394720950,4.52
62,node/2008968277,2.07
62,node/11483245295,2.22
62,node/11833156908,2.91
63,node/1394720950,4.48
63,node/2008968277,2.51
63,node/11483245295,2.66
63,node/11833156908,2.24
64,node/1394720950,4.0
64,node/1599814456,9.79
64,node/2008968277,2.62
64,node/11483245295,2.77
64,node/11833156908,2.34
65,node/1394720950,3.37
65,node/1599814456,9.13
65,node/2008968277,3.4
65,node/11483245295,3.56
65,node/11833156908,1.5
66,node/1394720950,2.77
66,node/1599814456,8.38
66,node/2008968277,4.38
66,node/11483245295,4.53
66,node/11833156908,0.54
67,node/1394720950,3.61
67,node/1599814456,9.39
67,node/2008968277,3.06
67,node/11483245295,3.22
67,node/11833156908,1.88
70,node/418342927,7.97
70,node/2008968277,7.4
70,node/11483245295,7.26
71,node/418342927,8.24
71,node/2008968277,7.11
71,node/11483245295,6.97
72,node/1394720950,9.71
72,node/2008968277,3.21
72,node/11483245295,3.05
72,node/11833156908,7.93
73,node/2008968277,3.57
73,node/11483245295,3.42
73,node/11833156908,8.3
74,node/1394720950,1.22
74,node/1599814456,4.82
74,node/2008968277,7.68
74,node/10280266203,8.14
74,node/11483245295,7.82
74,node/11833156908,3.52
75,node/431088510,8.19
75,node/497549320,1.35
75,node/517872826,5.61
75,node/517904544,6.2
75,node/1449508274,5.08
75,node/1860020712,8.41
75,node/4262750427,2.29
75,node/13507759987,7.59
76,node/431088510,7.99
76,node/497549320,1.23
76,node/517872826,5.5
76,node/517904544,6.03
76,node/1449508274,4.98
76,node/1860020712,8.22
76,node/4262750427,2.75
76,node/13507759987,7.46
77,node/431088510,7.57
77,node/497549320,0.77
77,node/517872826,5.05
77,node/517904544,5.6
77,node/1449508274,4.53
77,node/1860020712,7.8
77,node/4262750427,2.63
77,node/13507759987,7.01
78,node/431088510,7.88
78,node/497549320,1.05
78,node/517872826,5.33
78,node/517904544,5.9
78,node/1449508274,4.8
78,node/1860020712,8.11
78,node/4262750427,2.4
78,node/13507759987,7.3
79,node/431088510,8.01
79,node/497549320,1.19
79,node/517872826,5.48
79,node/517904544,6.03
79,node/1449508274,4.95
79,node/1860020712,8.23
79,node/4262750427,2.53
79,node/13507759987,7.44
80,node/431088510,7.47
80,node/497549320,0.82
80,node/517872826,5.02
80,node/517904544,5.52
80,node/1449508274,4.5
80,node/1860020712,7.71
80,node/4262750427,2.92
80,node/13507759987,6.96
81,node/431088510,8.48
81,node/497549320,1.9
81,node/517872826,6.09
81,node/517904544,6.56
81,node/1449508274,5.57
81,node/1860020712,8.72
81,node/4262750427,3.35
81,node/13507759987,8.01
82,node/431088510,8.25
82,node/497549320,1.71
82,node/517872826,5.87
82,node/517904544,6.34
82,node/1449508274,5.35
82,node/1860020712,8.49
82,node/4262750427,3.32
82,node/13507759987,7.78
83,node/431088510,8.64
83,node/497549320,2.0
83,node/517872826,6.22
83,node/517904544,6.71
83,node/1449508274,5.7
83,node/1860020712,8.88
83,node/4262750427,3.27
83,node/13507759987,8.15
84,node/431088510,8.01
84,node/497549320,1.33
84,node/517872826,5.56
84,node/517904544,6.07
84,node/1449508274,5.04
84,node/1860020712,8.25
84,node/4262750427,2.96
84,node/13507759987,7.5
85,node/10280266203,8.2
85,node/11469851119,9.94
86,node/10280266203,8.41
86,node/11469851119,9.69
87,node/10280266203,8.48
87,node/11469851119,9.55
88,node/10280266203,8.97
88,node/11469851119,9.41
89,node/1394720950,7.18
89,node/2008968277,0.61
89,node/11483245295,0.46
89,node/11833156908,5.34
90,node/1394720950,6.15
90,node/2008968277,0.44
90,node/11483245295,0.6
90,node/11833156908,4.31
91,node/1394720950,6.76
91,node/2008968277,0.28
91,node/11483245295,0.16
91,node/11833156908,4.98
92,node/1394720950,6.24
92,node/2008968277,0.41
92,node/11483245295,0.52
92,node/11833156908,4.5
93,node/418342927,5.1
94,node/418342927,5.63
94,node/2008968277,9.74
94,node/11483245295,9.6
95,node/579792962,4.13
95,node/579794631,3.59
95,node/673411579,2.29
95,node/2951332985,1.13
95,node/12409171546,8.04
96,node/1599814456,7.57
96,node/10280266203,4.25
97,node/1394720950,7.95
97,node/2008968277,1.62
97,node/11483245295,1.47
97,node/11833156908,6.32
98,node/431088510,0.45
98,node/497549320,6.4
98,node/517872826,2.35
98,node/517904544,1.57
98,node/1449508274,2.83
98,node/1860020712,0.66
98,node/4262750427,8.07
98,node/12409171546,4.91
98,node/13507759987,0.82
99,node/1394720950,5.71
99,node/1599814456,0.38
99,node/10280266203,3.43
99,node/11833156908,8.3
100,node/1394720950,5.45
100,node/1599814456,0.43
100,node/10280266203,3.68
100,node/11833156908,8.03
101,node/1394720950,5.31
101,node/1599814456,0.49
101,node/10280266203,3.81
101,node/11833156908,7.86
102,node/3670462062,7.29
103,node/3670462062,7.39
104,node/11469851119,9.4
105,node/11469851119,9.73
106,node/11469851119,9.77
107,node/431088510,5.22
107,node/497549320,1.62
107,node/517872826,2.76
107,node/517904544,3.25
107,node/1449508274,2.24
107,node/1860020712,5.45
107,node/4262750427,3.81
107,node/12409171546,9.1
107,node/13507759987,4.68
108,node/431088510,5.41
108,node/497549320,1.49
108,node/517872826,3.03
108,node/517904544,3.47
108,node/1449508274,2.53
108,node/1860020712,5.64
108,node/4262750427,3.87
108,node/12409171546,9.18
108,node/13507759987,4.91
109,node/1394720950,4.24
109,node/1599814456,1.58
109,node/10280266203,4.91
109,node/11833156908,6.73
110,node/1394720950,3.48
110,node/1599814456,2.31
110,node/10280266203,5.64
110,node/11833156908,6.05
111,node/1394720950,3.34
111,node/1599814456,2.48
111,node/2008968277,9.93
111,node/10280266203,5.81
111,node/11833156908,5.84
112,node/1394720950,4.7
112,node/1599814456,1.1
112,node/10280266203,4.43
112,node/11833156908,7.22
113,node/1394720950,4.5
113,node/1599814456,1.3
113,node/10280266203,4.63
113,node/11833156908,7.01
114,node/431088510,7.97
114,node/497549320,1.72
114,node/517872826,5.22
114,node/517904544,5.95
114,node/1449508274,4.7
114,node/1860020712,8.16
114,node/4262750427,0.95
114,node/13507759987,7.21
115,node/431088510,7.8
115,node/497549320,1.28
115,node/517872826,5.1
115,node/517904544,5.78
115,node/1449508274,4.57
115,node/1860020712,8.0
115,node/4262750427,1.45
115,node/13507759987,7.1
116,node/431088510,7.65
116,node/497549320,0.83
116,node/517872826,5.06
116,node/517904544,5.66
116,node/1449508274,4.53
116,node/1860020712,7.87
116,node/4262750427,2.17
116,node/13507759987,7.04
117,node/418342927,1.39
118,node/418342927,0.89
119,node/418342927,0.65
124,node/431088510,6.94
124,node/517872826,9.67
124,node/517904544,8.82
124,node/579792962,6.54
124,node/579794631,3.59
124,node/673411579,3.56
124,node/1860020712,6.86
124,node/2951332985,6.83
124,node/12409171546,2.53
124,node/13507759987,7.99
125,node/431088510,6.92
125,node/517872826,9.67
125,node/517904544,8.82
125,node/579792962,6.5
125,node/579794631,3.56
125,node/673411579,3.63
125,node/1860020712,6.84
125,node/2951332985,6.88
125,node/12409171546,2.55
125,node/13507759987,7.97
126,node/482841052,9.99
126,node/1747950843,5.15
127,node/482841052,9.89
127,node/1747950843,4.97
128,node/482841052,9.3
128,node/1419109827,9.89
128,node/1747950843,3.96
129,node/482841052,9.45
129,node/1419109827,9.92
129,node/1747950843,4.14
130,node/11469851119,9.83
131,node/418342927,4.39
132,node/418342927,5.18
133,node/418342927,3.86
134,node/418342927,0.47
135,node/418342927,0.37
136,node/418342927,0.43
137,node/418342927,0.35
138,node/418342927,0.43
139,node/431088510,2.55
139,node/497549320,9.37
139,node/517872826,5.32
139,node/517904544,4.57
139,node/579794631,7.96
139,node/673411579,8.29
139,node/1449508274,5.82
139,node/1860020712,2.36
139,node/12409171546,2.72
139,node/13507759987,3.41
140,node/431088510,3.02
140,node/497549320,9.85
140,node/517872826,5.78
140,node/517904544,5.04
140,node/579794631,7.56
140,node/673411579,8.01
140,node/1449508274,6.29
140,node/1860020712,2.83
140,node/12409171546,2.61
140,node/13507759987,3.85
141,node/431088510,3.15
141,node/497549320,9.96
141,node/517872826,5.94
141,node/517904544,5.18
141,node/579794631,7.37
141,node/673411579,7.79
141,node/1449508274,6.43
141,node/1860020712,2.98
141,node/12409171546,2.4
141,node/13507759987,4.02
142,node/431088510,2.79
142,node/497549320,9.55
142,node/517872826,5.59
142,node/517904544,4.8
142,node/579794631,7.61
142,node/673411579,7.86
142,node/1449508274,6.07
142,node/1860020712,2.64
142,node/12409171546,2.26
142,node/13507759987,3.73
143,node/431088510,2.67
143,node/497549320,9.37
143,node/517872826,5.47
143,node/517904544,4.67
143,node/579794631,7.68
143,node/673411579,7.82
143,node/1449508274,5.95
143,node/1860020712,2.55
143,node/12409171546,2.14
143,node/13507759987,3.66
144,node/431088510,2.27
144,node/497549320,8.96
144,node/517872826,5.07
144,node/517904544,4.26
144,node/579794631,8.07
144,node/673411579,8.14
144,node/1449508274,5.54
144,node/1860020712,2.16
144,node/12409171546,2.4
144,node/13507759987,3.28
145,node/431088510,3.33
145,node/517872826,6.12
145,node/517904544,5.35
145,node/579792962,9.92
145,node/579794631,7.15
145,node/673411579,7.56
145,node/1449508274,6.61
145,node/1860020712,3.16
145,node/12409171546,2.2
145,node/13507759987,4.22
146,node/482841052,8.36
146,node/1747950843,0.27
147,node/482841052,8.14
147,node/1747950843,0.04
148,node/482841052,8.06
148,node/1747950843,0.15
149,node/1394720950,3.92
149,node/1599814456,1.87
149,node/10280266203,5.21
149,node/11833156908,6.48
150,node/1394720950,4.16
150,node/1599814456,1.63
150,node/10280266203,4.96
150,node/11833156908,6.73
151,node/1394720950,1.72
151,node/1599814456,4.27
151,node/2008968277,8.23
151,node/10280266203,7.59
151,node/11483245295,8.38
151,node/11833156908,4.05
152,node/1394720950,1.52
152,node/1599814456,4.41
152,node/2008968277,8.05
152,node/10280266203,7.74
152,node/11483245295,8.2
152,node/11833156908,3.93
153,node/1394720950,2.44
153,node/1599814456,3.59
153,node/2008968277,8.96
153,node/10280266203,6.89
153,node/11483245295,9.11
153,node/11833156908,4.72
154,node/1394720950,2.24
154,node/1599814456,3.97
154,node/2008968277,8.67
154,node/10280266203,7.26
154,node/11483245295,8.82
154,node/11833156908,4.35
155,node/1394720950,2.35
155,node/1599814456,3.8
155,node/2008968277,8.82
155,node/10280266203,7.09
155,node/11483245295,8.97
155,node/11833156908,4.52
156,node/1394720950,6.05
156,node/2008968277,1.25
156,node/11483245295,1.38
156,node/11833156908,3.81
157,node/1394720950,6.07
157,node/2008968277,1.12
157,node/11483245295,1.26
157,node/11833156908,3.87
158,node/1394720950,6.07
158,node/2008968277,0.96
158,node/11483245295,1.1
158,node/11833156908,3.94
159,node/482841052,6.37
159,node/1419109827,3.54
159,node/1747950843,8.29
159,node/4252915096,8.31
160,node/1394720950,0.56
160,node/1599814456,5.24
160,node/2008968277,7.14
160,node/10280266203,8.57
160,node/11483245295,7.28
160,node/11833156908,3.41
161,node/1394720950,0.43
161,node/1599814456,5.68
161,node/2008968277,6.7
161,node/10280266203,9.0
161,node/11483245295,6.84
161,node/11833156908,3.25
162,node/1394720950,0.28
162,node/1599814456,5.89
162,node/2008968277,6.48
162,node/10280266203,9.22
162,node/11483245295,6.62
162,node/11833156908,2.98
163,node/1394720950,0.57
163,node/1599814456,5.38
163,node/2008968277,7.01
163,node/10280266203,8.7
163,node/11483245295,7.14
163,node/11833156908,3.46
164,node/418342927,2.74
165,node/418342927,2.21
166,node/1599814456,9.76
166,node/10280266203,6.47
166,node/11469851119,8.75
167,node/1599814456,9.15
167,node/10280266203,5.88
167,node/11469851119,8.71
168,node/1599814456,9.43
168,node/10280266203,6.14
168,node/11469851119,8.89
169,node/431088510,8.89
169,node/579792962,5.48
169,node/579794631,2.78
169,node/673411579,1.42
169,node/1860020712,8.84
169,node/2951332985,4.78
169,node/12409171546,4.39
169,node/13507759987,9.97
170,node/431088510,8.48
170,node/579792962,5.92
170,node/579794631,3.16
170,node/673411579,1.79
170,node/1860020712,8.44
170,node/2951332985,5.18
170,node/12409171546,3.99
170,node/13507759987,9.57
171,node/1599814456,5.11
171,node/10280266203,1.78
172,node/1599814456,4.81
172,node/10280266203,1.47
173,node/431088510,1.78
173,node/497549320,8.49
173,node/517872826,4.57
173,node/517904544,3.76
173,node/579794631,8.57
173,node/673411579,8.59
173,node/1449508274,5.04
173,node/1860020712,1.67
173,node/12409171546,2.83
173,node/13507759987,2.8
174,node/431088510,1.27
174,node/497549320,8.05
174,node/517872826,4.07
174,node/517904544,3.28
174,node/579794631,9.09
174,node/673411579,9.12
174,node/1449508274,4.55
174,node/1860020712,1.14
174,node/4262750427,9.79
174,node/12409171546,3.35
174,node/13507759987,2.27
175,node/431088510,1.56
175,node/497549320,8.31
175,node/517872826,4.36
175,node/517904544,3.56
175,node/579794631,8.78
175,node/673411579,8.82
175,node/1449508274,4.84
175,node/1860020712,1.45
175,node/12409171546,3.05
175,node/13507759987,2.57
176,node/431088510,1.21
176,node/497549320,7.86
176,node/517872826,3.97
176,node/517904544,3.16
176,node/579794631,9.15
176,node/673411579,9.08
176,node/1449508274,4.44
176,node/1860020712,1.16
176,node/4262750427,9.67
176,node/12409171546,3.3
176,node/13507759987,2.28
177,node/431088510,1.08
177,node/497549320,7.91
177,node/517872826,3.86
177,node/517904544,3.1
177,node/579794631,9.33
177,node/673411579,9.41
177,node/1449508274,4.35
177,node/1860020712,0.91
177,node/4262750427,9.59
177,node/12409171546,3.64
177,node/13507759987,2.01
178,node/431088510,1.03
178,node/497549320,7.71
178,node/517872826,3.52
178,node/517904544,2.86
178,node/579794631,9.87
178,node/1449508274,4.03
178,node/1860020712,0.75
178,node/4262750427,9.22
178,node/12409171546,4.34
178,node/13507759987,1.53
179,node/431088510,0.51
179,node/497549320,6.61
179,node/517872826,2.45
179,node/517904544,1.75
179,node/1449508274,2.95
179,node/1860020712,0.54
179,node/4262750427,8.18
179,node/12409171546,4.97
179,node/13507759987,0.61
180,node/431088510,1.09
180,node/497549320,7.4
180,node/517872826,3.15
180,node/517904544,2.58
180,node/1449508274,3.67
180,node/1860020712,0.83
180,node/4262750427,8.81
180,node/12409171546,4.86
180,node/13507759987,1.15
181,node/431088510,0.7
181,node/497549320,6.87
181,node/517872826,2.65
181,node/517904544,2.03
181,node/1449508274,3.18
181,node/1860020712,0.57
181,node/4262750427,8.36
181,node/12409171546,4.98
181,node/13507759987,0.68
182,node/431088510,0.83
182,node/497549320,7.56
182,node/517872826,3.4
182,node/517904544,2.71
182,node/579794631,9.91
182,node/1449508274,3.91
182,node/1860020712,0.55
182,node/4262750427,9.12
182,node/12409171546,4.29
182,node/13507759987,1.45
183,node/431088510,1.08
183,node/497549320,7.2
183,node/517872826,2.94
183,node/517904544,2.4
183,node/1449508274,3.47
183,node/1860020712,0.86
183,node/4262750427,8.59
183,node/12409171546,5.04
183,node/13507759987,0.95
184,node/11469851119,9.72
185,node/11469851119,9.81
186,node/11469851119,9.59
187,node/11469851119,9.56
188,node/1599814456,5.87
188,node/10280266203,2.56
189,node/1599814456,7.23
189,node/10280266203,3.9
190,node/1599814456,6.15
190,node/10280266203,2.82
191,node/1599814456,6.92
191,node/10280266203,3.6
192,node/1599814456,5.99
192,node/10280266203,2.65
193,node/418342927,2.34
194,node/1394720950,7.92
194,node/1599814456,2.21
194,node/10280266203,1.33
195,node/1394720950,7.73
195,node/1599814456,2.04
195,node/10280266203,1.54
196,node/1394720950,8.26
196,node/1599814456,2.53
196,node/10280266203,1.02
197,node/1394720950,7.25
197,node/1599814456,1.7
197,node/10280266203,2.09
197,node/11833156908,9.89
198,node/1394720950,7.09
198,node/1599814456,1.64
198,node/10280266203,2.31
198,node/11833156908,9.76
199,node/1394720950,6.75
199,node/1599814456,1.44
199,node/10280266203,2.67
199,node/11833156908,9.43
200,node/1394720950,5.89
200,node/1599814456,0.43
200,node/10280266203,3.25
200,node/11833156908,8.49
201,node/1394720950,6.28
201,node/1599814456,0.71
201,node/10280266203,2.9
201,node/11833156908,8.88
202,node/1394720950,6.47
202,node/1599814456,0.79
202,node/10280266203,2.68
202,node/11833156908,9.05
203,node/702247823,0.38
203,node/11070689505,0.25
204,node/3670462062,6.36
205,node/702247823,7.12
205,node/1744047034,9.85
205,node/11070689505,6.96
206,node/1628350131,7.01
207,node/1628350131,5.43
207,node/3688555226,8.23
209,node/702191952,8.76
209,node/904044259,6.62
209,node/1628350131,0.48
209,node/3688555226,7.56
210,node/1628350131,3.84
210,node/3688555226,9.84
211,node/1086060431,9.25
211,node/1086060490,8.82
211,node/5010237538,0.3
212,node/702191952,7.35
212,node/1086060431,5.04
212,node/1086060490,5.4
212,node/5010237538,6.82
213,node/702191952,2.76
213,node/904044259,6.06
213,node/1086060431,0.46
213,node/1086060490,1.45
213,node/5010237538,9.5
214,node/702191952,9.7
214,node/904044259,5.09
214,node/1628350131,8.14
214,node/3688555226,5.3
215,node/904044259,5.64
215,node/1628350131,8.48
215,node/3688555226,5.04
216,node/702191952,9.44
216,node/904044259,4.83
216,node/1628350131,7.94
216,node/3688555226,5.38
217,node/904044259,6.58
217,node/1628350131,9.28
217,node/3688555226,4.98
218,node/904044259,6.01
218,node/1628350131,8.76
218,node/3688555226,4.95
219,node/904044259,6.95
219,node/1628350131,9.74
219,node/3688555226,5.23
220,node/702191952,4.82
220,node/904044259,0.19
220,node/1086060431,6.32
220,node/1086060490,6.42
220,node/1628350131,6.1
220,node/3688555226,8.6
224,node/573259121,1.93
224,node/573259237,1.74
224,node/573329555,6.34
224,node/2639666418,5.88
224,node/3393495998,1.95
225,node/573259121,1.59
225,node/573259237,1.59
225,node/573329555,4.55
225,node/2639666418,4.03
225,node/3393495998,1.61
226,node/573259121,1.32
226,node/573259237,1.12
226,node/573329555,5.51
226,node/2639666418,5.01
226,node/3393495998,1.34
227,node/3001970153,0.26
227,node/3670462062,9.86
227,node/13725369626,8.19
228,node/293728328,8.81
228,node/2515514855,5.12
228,node/2523589734,0.24
228,node/3618305310,2.15
228,node/5905768224,7.12
228,node/12989448826,5.13
228,node/12989448827,5.21
229,node/293728328,8.68
229,node/2515514855,5.61
229,node/2523589734,0.74
229,node/3618305310,2.12
229,node/5905768224,6.71
229,node/12989448826,5.63
229,node/12989448827,5.7
230,node/293728328,2.91
230,node/293728330,0.47
230,node/5905768224,8.24
231,node/293728328,1.57
231,node/293728330,0.95
231,node/5905768224,6.98
232,node/293728328,0.61
232,node/293728330,1.89
232,node/2523589734,9.49
232,node/5905768224,6.15
233,node/293728328,5.84
233,node/293728330,3.38
234,node/1613711110,8.65
234,node/1613711217,9.01
234,node/3688555226,6.99
235,node/904044259,9.64
235,node/3688555226,3.16
236,node/1613711110,0.57
236,node/1613711217,0.21
236,node/4463320622,6.81
237,node/1613711110,0.64
237,node/1613711217,0.27
237,node/4463320622,6.74
244,node/702247823,1.4
244,node/11070689505,1.39
245,node/702247823,0.76
245,node/11070689505,0.7
246,node/702247823,0.62
246,node/11070689505,0.55
247,node/702247823,0.75
247,node/11070689505,0.65
248,node/1478321664,8.42
248,node/1744047034,0.8
249,node/1478321664,7.66
249,node/1744047034,1.47
250,node/1478321664,7.08
250,node/1744047034,2.04
251,node/1478321664,8.06
251,node/1744047034,1.14
252,node/1478321664,6.71
252,node/1744047034,2.44
253,node/702247823,1.39
253,node/11070689505,1.35
254,node/1478321664,9.61
254,node/1744047034,0.62
255,node/1478321664,9.03
255,node/1744047034,0.07
256,node/702247823,1.79
256,node/11070689505,1.86
257,node/702247823,0.8
257,node/11070689505,0.64
258,node/702247823,0.81
258,node/11070689505,0.78
259,node/1478321664,9.64
259,node/1744047034,0.83
260,node/1628350131,5.37
260,node/3688555226,7.96
261,node/1628350131,5.33
261,node/3688555226,7.72
262,node/1628350131,5.25
262,node/3688555226,7.25
263,node/1628350131,5.27
263,node/3688555226,7.35
264,node/1628350131,7.16
265,node/1628350131,5.63
265,node/3688555226,8.63
266,node/1628350131,5.9
266,node/3688555226,8.93
267,node/1628350131,5.24
267,node/3688555226,6.51
268,node/904044259,9.12
268,node/1628350131,8.24
268,node/3688555226,0.54
269,node/904044259,8.18
269,node/1628350131,6.77
269,node/3688555226,0.94
270,node/904044259,8.58
270,node/1628350131,7.49
270,node/3688555226,0.23
271,node/904044259,9.54
271,node/1628350131,5.36
271,node/3688555226,4.35
272,node/904044259,9.29
272,node/1628350131,5.49
272,node/3688555226,3.79
273,node/1628350131,5.16
273,node/3688555226,5.76
274,node/1628350131,6.35
274,node/3688555226,9.48
275,node/1628350131,5.19
275,node/3688555226,6.12
276,node/1628350131,5.21
276,node/3688555226,5.54
277,node/1628350131,7.33
278,node/1628350131,6.15
278,node/3688555226,9.23
279,node/1628350131,5.31
279,node/3688555226,6.73
280,node/1628350131,5.5
280,node/3688555226,8.44
281,node/904044259,9.52
281,node/1628350131,5.43
281,node/3688555226,4.23
282,node/1628350131,7.48
283,node/1628350131,7.46
284,node/1628350131,7.89
285,node/702191952,6.71
285,node/904044259,4.54
285,node/1086060431,9.05
285,node/1086060490,8.66
285,node/1628350131,1.72
285,node/3688555226,7.9
286,node/702191952,8.12
286,node/904044259,6.13
286,node/1628350131,0.19
286,node/3688555226,7.85
287,node/702191952,7.14
287,node/904044259,5.5
287,node/1086060431,9.56
287,node/1086060490,9.08
287,node/1628350131,1.19
287,node/3688555226,8.47
288,node/1613711110,1.43
288,node/1613711217,1.78
288,node/4463320622,8.65
289,node/1613711110,2.94
289,node/1613711217,3.3
290,node/1613711110,2.26
290,node/1613711217,2.62
290,node/4463320622,9.44
291,node/1613711110,1.17
291,node/1613711217,1.54
291,node/4463320622,8.51
292,node/1613711110,8.89
292,node/1613711217,9.26
292,node/3688555226,6.6
293,node/1613711110,7.93
293,node/1613711217,8.3
293,node/3688555226,6.94
294,node/1613711110,8.44
294,node/1613711217,8.81
294,node/3688555226,6.01
295,node/1613711110,8.0
295,node/1613711217,8.37
295,node/3688555226,6.51
296,node/1613711110,8.54
296,node/1613711217,8.91
296,node/3688555226,6.7
297,node/3688555226,4.21
298,node/3688555226,4.12
299,node/5010237538,7.86
300,node/5010237538,9.11
301,node/5010237538,8.54
302,node/5010237538,8.27
304,node/5010237538,7.57
305,node/5010237538,7.92
306,node/5010237538,7.99
308,node/5010237538,9.5
310,node/5010237538,8.73
311,node/293728328,8.88
311,node/2515514855,4.23
311,node/2523589734,0.67
311,node/3618305310,2.65
311,node/5905768224,7.74
311,node/12989448826,4.25
311,node/12989448827,4.33
312,node/293728328,8.79
312,node/2515514855,4.75
312,node/2523589734,0.2
312,node/3618305310,2.37
312,node/5905768224,7.34
312,node/12989448826,4.77
312,node/12989448827,4.85
313,node/293728328,8.71
313,node/2515514855,5.46
313,node/2523589734,0.59
313,node/3618305310,2.12
313,node/5905768224,6.83
313,node/12989448826,5.48
313,node/12989448827,5.56
314,node/293728328,9.75
314,node/2515514855,3.98
314,node/2523589734,1.23
314,node/3618305310,2.37
314,node/5905768224,8.54
314,node/12989448826,3.89
314,node/12989448827,3.94
315,node/3001970153,3.02
315,node/4463320622,9.54
315,node/13725369626,5.0
316,node/3001970153,2.88
316,node/4463320622,9.63
316,node/13725369626,5.14
317,node/3001970153,3.72
317,node/4463320622,8.92
317,node/13725369626,4.27
318,node/3001970153,2.57
318,node/4463320622,9.79
318,node/13725369626,5.42
319,node/3001970153,0.07
319,node/13725369626,7.99
320,node/3001970153,0.85
320,node/3670462062,9.3
320,node/13725369626,8.78
321,node/3001970153,1.76
321,node/13725369626,6.24
322,node/3001970153,2.13
322,node/13725369626,5.83
323,node/2274495833,0.41
323,node/13414358494,0.12
324,node/2274495833,0.18
324,node/13414358494,0.3
325,node/2274495833,0.43
325,node/13414358494,0.89
326,node/573259121,4.0
326,node/573259237,4.23
326,node/573324401,7.83
326,node/573329555,0.48
326,node/976085806,7.8
326,node/2639666418,0.29
326,node/3393495998,3.97
327,node/573259121,3.34
327,node/573259237,3.57
327,node/573324401,8.33
327,node/573329555,1.13
327,node/976085806,8.32
327,node/2639666418,0.65
327,node/3393495998,3.32
328,node/2274495833,2.77
328,node/13414358494,2.29
329,node/2274495833,1.96
329,node/13414358494,1.48
330,node/2274495833,0.98
330,node/13414358494,1.45
331,node/2274495833,0.58
331,node/13414358494,0.11
332,node/2274495833,3.73
332,node/13414358494,3.26
333,node/573259121,4.52
333,node/573259237,4.75
333,node/573324401,7.4
333,node/573329555,0.15
333,node/976085806,7.36
333,node/2639666418,0.63
333,node/3393495998,4.5
334,node/573259121,3.53
334,node/573259237,3.76
334,node/573324401,8.2
334,node/573329555,0.94
334,node/976085806,8.18
334,node/2639666418,0.5
334,node/3393495998,3.51
335,node/573259121,1.7
335,node/573259237,1.92
335,node/573324401,9.84
335,node/573329555,2.78
335,node/976085806,9.85
335,node/2639666418,2.3
335,node/3393495998,1.67
336,node/573259121,1.08
336,node/573259237,1.31
336,node/573329555,3.39
336,node/2639666418,2.91
336,node/3393495998,1.06
337,node/573259121,3.81
337,node/573259237,4.04
337,node/573324401,7.93
337,node/573329555,0.66
337,node/976085806,7.9
337,node/2639666418,0.22
337,node/3393495998,3.79
338,node/573259121,2.94
338,node/573259237,3.04
338,node/573324401,9.23
338,node/573329555,3.61
338,node/976085806,9.29
338,node/2639666418,3.12
338,node/3393495998,2.94
339,node/573259121,2.66
339,node/573259237,2.74
339,node/573324401,9.66
339,node/573329555,3.91
339,node/976085806,9.72
339,node/2639666418,3.4
339,node/3393495998,2.67
340,node/573259121,2.47
340,node/573259237,2.53
340,node/573324401,9.92
340,node/573329555,4.07
340,node/976085806,9.98
340,node/2639666418,3.55
340,node/3393495998,2.48
341,node/573259121,2.3
341,node/573259237,2.35
341,node/573329555,4.07
341,node/2639666418,3.55
341,node/3393495998,2.3
342,node/573259121,2.34
342,node/573259237,2.38
342,node/573329555,4.29
342,node/2639666418,3.77
342,node/3393495998,2.35
343,node/573259121,2.83
343,node/573259237,2.91
343,node/573324401,9.4
343,node/573329555,3.73
343,node/976085806,9.46
343,node/2639666418,3.23
343,node/3393495998,2.82
344,node/2274495833,1.35
344,node/13414358494,1.82
345,node/573259121,1.61
345,node/573259237,1.5
345,node/573329555,5.19
345,node/2639666418,4.67
345,node/3393495998,1.63
346,node/573259121,1.61
346,node/573259237,1.52
346,node/573329555,5.11
346,node/2639666418,4.59
346,node/3393495998,1.64
347,node/573259121,1.56
347,node/573259237,1.61
347,node/573329555,4.16
347,node/2639666418,3.64
347,node/3393495998,1.57
348,node/573259121,1.5
348,node/573259237,1.51
348,node/573329555,4.42
348,node/2639666418,3.9
348,node/3393495998,1.51
349,node/2274495833,0.72
349,node/13414358494,1.19
350,node/573259121,2.46
350,node/573259237,2.68
350,node/573324401,9.07
350,node/573329555,2.06
350,node/976085806,9.07
350,node/2639666418,1.55
350,node/3393495998,2.44
351,node/702191952,0.54
351,node/904044259,5.14
351,node/1086060431,2.1
351,node/1086060490,1.46
351,node/1628350131,8.77
351,node/5010237538,9.73
352,node/702191952,0.16
352,node/904044259,4.75
352,node/1086060431,2.32
352,node/1086060490,1.8
352,node/1628350131,8.45
353,node/702191952,0.87
353,node/904044259,5.39
353,node/1086060431,1.78
353,node/1086060490,1.1
353,node/1628350131,9.13
353,node/5010237538,9.48
354,node/702191952,0.59
354,node/904044259,4.11
354,node/1086060431,2.58
354,node/1086060490,2.27
354,node/1628350131,8.1
355,node/702191952,2.26
355,node/904044259,6.17
355,node/1086060431,0.38
355,node/1086060490,0.61
355,node/5010237538,9.0
356,node/702191952,1.38
356,node/904044259,3.33
356,node/1086060431,3.04
356,node/1086060490,2.94
356,node/1628350131,7.76
357,node/702191952,1.05
357,node/904044259,3.66
357,node/1086060431,2.81
357,node/1086060490,2.64
357,node/1628350131,7.91
358,node/702191952,1.13
358,node/904044259,5.63
358,node/1086060431,1.63
358,node/1086060490,0.87
358,node/1628350131,9.38
358,node/5010237538,9.25
359,node/702191952,1.78
359,node/904044259,5.99
359,node/1086060431,0.94
359,node/1086060490,0.23
359,node/5010237538,8.99
360,node/3001970153,4.15
360,node/3670462062,5.99
361,node/3001970153,4.04
361,node/3670462062,6.1
362,node/3001970153,4.76
362,node/3670462062,5.37
374,node/702191952,5.19
374,node/904044259,0.57
374,node/1086060431,6.58
374,node/1086060490,6.73
374,node/1628350131,6.31
374,node/3688555226,8.36
375,node/702191952,5.01
375,node/904044259,0.37
375,node/1086060431,6.49
375,node/1086060490,6.6
375,node/1628350131,6.1
375,node/3688555226,8.43
376,node/702191952,4.5
376,node/904044259,0.25
376,node/1086060431,5.91
376,node/1086060490,6.04
376,node/1628350131,6.43
376,node/3688555226,9.01
377,node/702191952,3.61
377,node/904044259,1.15
377,node/1086060431,4.98
377,node/1086060490,5.1
377,node/1628350131,6.86
377,node/3688555226,9.94
378,node/702191952,5.62
378,node/904044259,1.08
378,node/1086060431,6.88
378,node/1086060490,7.08
378,node/1628350131,6.64
378,node/3688555226,8.16
379,node/702191952,3.14
379,node/904044259,1.57
379,node/1086060431,4.58
379,node/1086060490,4.66
379,node/1628350131,6.93
380,node/3001970153,6.58
380,node/4463320622,6.84
380,node/13725369626,1.37
381,node/3001970153,6.89
381,node/4463320622,6.68
381,node/13725369626,1.07
382,node/3001970153,7.58
382,node/4463320622,6.14
382,node/13725369626,0.35
383,node/3001970153,7.41
383,node/4463320622,6.29
383,node/13725369626,0.52
384,node/3001970153,8.43
384,node/4463320622,5.76
384,node/13725369626,0.51
385,node/3001970153,3.94
385,node/4463320622,8.87
385,node/13725369626,4.09
386,node/3001970153,8.99
386,node/4463320622,5.46
386,node/13725369626,1.08
387,node/3001970153,4.71
387,node/4463320622,8.29
387,node/13725369626,3.31
388,node/3001970153,4.78
388,node/4463320622,8.2
388,node/13725369626,3.22
389,node/3001970153,7.67
389,node/4463320622,5.98
389,node/13725369626,0.3
390,node/3001970153,9.14
390,node/4463320622,5.36
390,node/13725369626,1.25
391,node/3001970153,7.17
391,node/4463320622,6.53
391,node/13725369626,0.79
392,node/3001970153,7.3
392,node/4463320622,6.41
392,node/13725369626,0.65
393,node/3001970153,8.19
393,node/4463320622,5.91
393,node/13725369626,0.26
394,node/3001970153,8.81
394,node/4463320622,5.58
394,node/13725369626,0.9
395,node/3001970153,5.42
395,node/4463320622,7.74
395,node/13725369626,2.58
396,node/3001970153,5.63
396,node/4463320622,7.44
396,node/13725369626,2.32
397,node/3001970153,5.79
397,node/4463320622,7.28
397,node/13725369626,2.16
398,node/3001970153,9.76
398,node/4463320622,5.22
398,node/13725369626,1.86
399,node/3001970153,9.57
399,node/4463320622,5.28
399,node/13725369626,1.67
400,node/3001970153,9.4
400,node/4463320622,5.24
400,node/13725369626,1.51
401,node/3001970153,6.33
401,node/4463320622,6.95
401,node/13725369626,1.61
405,node/293728328,3.19
405,node/293728330,5.65
405,node/2515514855,9.7
405,node/2523589734,6.76
405,node/3618305310,8.29
405,node/5905768224,2.71
406,node/293728328,2.19
406,node/293728330,4.62
406,node/2523589734,7.56
406,node/3618305310,9.2
406,node/5905768224,3.5
407,node/293728328,3.85
407,node/293728330,6.31
407,node/2515514855,9.63
407,node/2523589734,6.39
407,node/3618305310,7.81
407,node/5905768224,2.22
407,node/12989448826,9.94
408,node/293728328,7.55
408,node/2515514855,9.81
408,node/2523589734,5.21
408,node/3618305310,5.58
408,node/5905768224,2.92
408,node/12989448826,9.93
409,node/293728328,0.77
409,node/293728330,3.15
409,node/2523589734,8.58
409,node/5905768224,4.87
410,node/293728328,0.25
410,node/293728330,2.59
410,node/2523589734,8.93
410,node/5905768224,5.46
411,node/293728328,1.88
411,node/293728330,4.28
411,node/2523589734,7.86
411,node/3618305310,9.53
411,node/5905768224,3.76
412,node/293728328,4.95
412,node/293728330,7.14
412,node/2523589734,7.84
412,node/3618305310,8.89
412,node/5905768224,0.89
413,node/293728328,4.64
413,node/293728330,6.95
413,node/2523589734,7.22
413,node/3618305310,8.37
413,node/5905768224,1.01
414,node/293728328,4.69
414,node/293728330,6.94
414,node/2523589734,7.55
414,node/3618305310,8.68
414,node/5905768224,0.99
415,node/293728328,4.81
415,node/293728330,7.04
415,node/2523589734,7.61
415,node/3618305310,8.71
415,node/5905768224,0.9
416,node/293728328,5.12
416,node/293728330,7.35
416,node/2523589734,7.66
416,node/3618305310,8.68
416,node/5905768224,0.64
417,node/293728328,2.89
417,node/293728330,5.35
417,node/2515514855,9.78
417,node/2523589734,6.96
417,node/3618305310,8.53
417,node/5905768224,2.94
418,node/293728328,1.69
418,node/293728330,4.15
418,node/2515514855,9.98
418,node/2523589734,7.7
418,node/3618305310,9.43
418,node/5905768224,4.03
419,node/293728328,1.39
419,node/293728330,3.84
419,node/2523589734,7.98
419,node/3618305310,9.72
419,node/5905768224,4.28
420,node/293728328,0.98
420,node/293728330,3.41
420,node/2523589734,8.32
420,node/5905768224,4.67
421,node/1613711110,9.4
421,node/1613711217,9.03
421,node/4463320622,2.04
421,node/13725369626,4.11
422,node/4463320622,3.87
422,node/13725369626,2.77
423,node/1613711110,9.98
423,node/1613711217,9.62
423,node/4463320622,2.62
423,node/13725369626,3.64
424,node/4463320622,3.21
424,node/13725369626,3.15
425,node/1613711217,9.85
425,node/4463320622,2.86
425,node/13725369626,3.42
426,node/1613711110,0.15
426,node/1613711217,0.27
426,node/4463320622,7.23
427,node/1613711110,8.63
427,node/1613711217,8.27
427,node/4463320622,1.28
427,node/13725369626,4.8
428,node/1613711110,8.77
428,node/1613711217,8.41
428,node/4463320622,1.42
428,node/13725369626,4.68
429,node/1613711110,9.08
429,node/1613711217,8.71
429,node/4463320622,1.72
429,node/13725369626,4.38
430,node/1613711110,7.69
430,node/1613711217,7.33
430,node/4463320622,0.34
430,node/13725369626,5.68
431,node/1613711110,7.47
431,node/1613711217,7.1
431,node/4463320622,0.11
431,node/13725369626,5.9
432,node/1613711110,8.46
432,node/1613711217,8.09
432,node/4463320622,1.1
432,node/13725369626,4.96
433,node/1613711110,7.79
433,node/1613711217,7.42
433,node/4463320622,0.44
433,node/13725369626,5.58
434,node/1613711110,1.1
434,node/1613711217,0.73
434,node/4463320622,6.32
435,node/4463320622,4.31
435,node/13725369626,2.55
436,node/4463320622,4.63
436,node/13725369626,2.36
437,node/4463320622,4.75
437,node/13725369626,2.48
438,node/1613711110,0.35
438,node/1613711217,0.07
438,node/4463320622,7.01
439,node/1613711110,0.93
439,node/1613711217,0.57
439,node/4463320622,6.48
444,node/849899425,2.75
444,node/2427728461,6.46
445,node/849899425,2.87
445,node/2427728461,7.84
446,node/849899425,6.98
446,node/2427728461,6.56
447,node/849899425,0.54
447,node/2427728461,8.69
448,node/849899425,1.28
449,node/849899425,3.71
450,node/849899425,1.77
451,node/2427728461,8.48
452,node/849899425,3.08
452,node/2427728461,7.11
453,node/849899425,3.25
453,node/2427728461,6.83
454,node/849899425,8.38
454,node/2427728461,6.68
457,node/293728330,7.66
458,node/2515514855,7.03
458,node/12989448826,7.17
458,node/12989448827,7.15
459,node/293728328,9.5
459,node/293728330,9.41
459,node/2515514855,7.73
459,node/12989448826,8.22
459,node/12989448827,8.3
460,node/2515514855,6.89
460,node/12989448826,7.3
460,node/12989448827,7.35
461,node/975673705,5.48
461,node/1375139420,2.08
461,node/4951752721,5.93
461,node/4951769157,5.72
461,node/6693339293,6.41
461,node/9990941102,9.53
462,node/975671696,7.46
462,node/975672424,6.42
462,node/975673162,7.07
462,node/975673410,7.54
462,node/1295941117,6.6
462,node/1705773941,6.08
462,node/3089853126,1.0
462,node/10209515519,9.32
463,node/975670739,9.03
463,node/975671696,6.5
463,node/975672424,5.38
463,node/975673162,6.95
463,node/975673410,7.57
463,node/1295941117,5.6
463,node/1705773941,4.67
463,node/3089853126,0.65
463,node/10209515519,8.31
464,node/975671696,7.74
464,node/975672424,6.71
464,node/975673162,7.08
464,node/975673410,7.52
464,node/1295941117,6.89
464,node/1705773941,6.38
464,node/3089853126,1.28
464,node/10209515519,9.6
465,node/975670739,8.54
465,node/975671696,6.01
465,node/975672424,4.89
465,node/975673162,7.26
465,node/975673410,7.92
465,node/1295941117,5.12
465,node/1705773941,4.34
465,node/3089853126,1.16
465,node/10209515519,7.81
466,node/2379492142,0.19
467,node/976076698,5.56
467,node/4961951568,4.73
468,node/975673162,7.79
468,node/975673410,6.97
468,node/975673705,6.55
468,node/1375139420,7.11
468,node/4951752721,4.3
468,node/4951769157,5.24
470,node/495546023,8.51
470,node/620902702,8.86
470,node/975670739,4.09
470,node/975671696,1.98
470,node/975672424,3.06
470,node/1295941117,2.84
470,node/1705773941,7.37
470,node/3089853126,9.08
470,node/4290164395,8.23
470,node/10209515519,0.14
471,node/2379492142,2.81
472,node/976076698,2.23
472,node/976083445,9.11
472,node/4961951568,2.93
473,node/975673705,5.93
473,node/1375139420,7.3
473,node/4951752721,7.97
473,node/4951769157,7.12
473,node/5126455071,8.11
473,node/6693339293,5.75
473,node/9990941102,4.87
473,node/11131421705,7.1
474,node/1485695286,7.34
474,node/2394392190,9.51
474,node/2394392276,9.47
474,node/6693339293,6.12
474,node/9990941102,7.26
475,node/1485695286,5.34
475,node/2394392190,7.76
475,node/2394392276,7.78
475,node/6693339293,8.39
475,node/9990941102,8.68
477,node/309284243,7.49
477,node/3286932011,1.97
477,node/3287621634,0.51
477,node/5126455071,7.48
477,node/9835514875,0.11
477,node/11131421705,5.45
478,node/3286932011,7.49
478,node/3287621634,6.9
478,node/5126455071,2.14
478,node/9835514875,6.45
478,node/9990941102,7.31
478,node/11131421705,3.02
479,node/849899425,9.23
479,node/2427728461,0.08
481,node/976076698,8.75
481,node/2379492142,8.56
481,node/4961951568,7.93
482,node/975673162,5.68
482,node/975673410,4.98
482,node/975673705,8.97
482,node/1375139420,9.34
482,node/3089853126,8.52
482,node/4951752721,6.75
482,node/4951769157,7.67
483,node/1485695286,3.55
483,node/1753740067,7.32
483,node/2171564973,4.8
483,node/2171569321,4.39
483,node/2394392190,0.97
483,node/2394392276,1.07
483,node/3014882679,9.38
483,node/12690833801,9.41
483,node/12690839301,8.41
483,node/12798545202,8.09
483,node/12851543002,8.02
483,node/12851543201,9.2
483,node/12851543401,9.19
483,node/12853450101,8.78
483,node/13049930363,8.91
483,node/13504496001,6.15
483,node/13609474101,8.5
483,node/13609474201,7.79
484,node/1485695286,3.76
484,node/1753740067,8.75
484,node/2171564973,6.32
484,node/2171569321,5.88
484,node/2394392190,1.35
484,node/2394392276,1.06
484,node/3014882679,8.03
484,node/12690839301,9.87
484,node/12798545202,9.54
484,node/12851543002,9.46
484,node/13504496001,7.57
484,node/13609474101,9.96
484,node/13609474201,9.23
486,node/976083445,2.76
486,node/976084047,0.36
487,node/849899425,6.45
487,node/2427728461,5.31
489,node/976073979,9.49
490,node/976073979,7.69
490,node/2379492142,8.24
491,node/976083445,7.01
491,node/976084047,6.77
492,node/975673705,1.62
492,node/1375139420,4.33
492,node/4951752721,3.36
492,node/4951769157,2.57
492,node/6693339293,8.72
492,node/9990941102,9.48
492,node/11131421705,8.35
493,node/975673705,9.1
493,node/1375139420,9.92
493,node/5126455071,7.04
493,node/6693339293,4.97
493,node/9990941102,1.7
493,node/11131421705,8.18
494,node/975673705,8.88
494,node/1375139420,9.62
494,node/5126455071,7.29
494,node/6693339293,4.74
494,node/9990941102,1.95
494,node/11131421705,8.25
495,node/975673705,9.65
495,node/5126455071,7.63
495,node/6693339293,4.39
495,node/9990941102,1.39
495,node/11131421705,8.99
496,node/1753740067,1.5
496,node/2171564973,4.37
496,node/2171569321,5.25
496,node/2394392190,9.38
496,node/2394392276,9.63
496,node/12690833801,1.4
496,node/12690839301,0.32
496,node/12690882101,3.33
496,node/12798545202,0.71
496,node/12851543002,0.79
496,node/12851543101,3.42
496,node/12851543201,1.27
496,node/12851543401,1.26
496,node/12853442403,3.81
496,node/12853450101,0.15
496,node/12853450301,2.46
496,node/12853450401,3.87
496,node/12855879501,4.86
496,node/13049930363,1.27
496,node/13504496001,2.67
496,node/13609474101,0.23
496,node/13609474102,1.76
496,node/13609474103,1.75
496,node/13609474201,1.08
496,node/13609474301,1.7
496,node/13609474401,3.3
496,node/13609474501,2.4
497,node/1753740067,1.07
497,node/2171564973,4.18
497,node/2171569321,5.08
497,node/2394392190,9.07
497,node/2394392276,9.31
497,node/12690833801,1.36
497,node/12690839301,0.16
497,node/12690882101,3.64
497,node/12798545202,0.26
497,node/12851543002,0.34
497,node/12851543101,3.73
497,node/12851543201,1.18
497,node/12851543401,1.17
497,node/12853442403,4.28
497,node/12853450101,0.62
497,node/12853450301,2.64
497,node/12853450401,4.33
497,node/12855879501,5.32
497,node/13049930363,1.66
497,node/13504496001,2.26
497,node/13609474101,0.24
497,node/13609474102,1.91
497,node/13609474103,1.91
497,node/13609474201,0.62
497,node/13609474301,1.86
497,node/13609474401,3.61
497,node/13609474501,2.58
499,node/975670739,5.92
499,node/975671696,2.63
499,node/975672424,1.52
499,node/1295941117,1.74
499,node/1705773941,4.45
499,node/3089853126,4.51
499,node/10209515519,4.44
500,node/975670739,5.01
500,node/975671696,1.3
500,node/975672424,0.19
500,node/1295941117,0.4
500,node/1705773941,5.05
500,node/3089853126,5.86
500,node/10209515519,3.09
501,node/975673162,3.62
501,node/975673410,3.62
501,node/1705773941,8.1
501,node/3089853126,4.61
502,node/1485695286,3.64
502,node/2171564973,8.8
502,node/2171569321,7.88
502,node/2394392190,6.32
502,node/2394392276,6.43
504,node/1485695286,4.72
504,node/1753740067,4.82
504,node/2171564973,1.38
504,node/2171569321,0.53
504,node/2394392190,4.26
504,node/2394392276,4.57
504,node/12690833801,6.88
504,node/12690839301,5.58
504,node/12690882101,9.03
504,node/12798545202,5.39
504,node/12851543002,5.33
504,node/12851543101,9.11
504,node/12851543201,6.67
504,node/12851543401,6.66
504,node/12853442403,8.13
504,node/12853450101,5.81
504,node/12853450301,8.19
504,node/12853450401,8.17
504,node/12855879501,9.65
504,node/13049930363,5.56
504,node/13504496001,3.99
504,node/13609474101,5.65
504,node/13609474102,7.47
504,node/13609474103,7.46
504,node/13609474201,5.21
504,node/13609474301,7.41
504,node/13609474401,8.98
504,node/13609474501,8.13
505,node/976073979,5.36
505,node/3286932011,8.88
505,node/3287621634,7.29
505,node/5126455071,4.66
505,node/9835514875,6.9
505,node/11131421705,8.12
506,node/3014882679,5.27
508,node/3014882679,3.43
509,node/309284243,0.62
509,node/3286932011,4.91
509,node/3287621634,6.66
509,node/9835514875,6.94
509,node/11131421705,8.29
511,node/976083445,6.0
511,node/976084047,5.85
513,node/975673705,7.12
513,node/1375139420,4.14
513,node/4951752721,5.35
513,node/4951769157,6.11
514,node/975673705,4.81
514,node/1375139420,1.58
514,node/4951752721,3.77
514,node/4951769157,4.16
514,node/6693339293,9.99
515,node/975671696,9.46
515,node/975672424,8.43
515,node/975673162,6.59
515,node/975673410,6.83
515,node/1295941117,8.61
515,node/1705773941,7.71
515,node/3089853126,2.71
516,node/975673162,8.84
516,node/975673410,8.28
516,node/975673705,9.15
516,node/1375139420,7.5
516,node/3089853126,9.57
516,node/4951752721,6.96
516,node/4951769157,7.9
517,node/2427728461,3.49
518,node/975670739,8.75
518,node/975671696,7.42
518,node/975672424,6.23
518,node/975673162,5.35
518,node/975673410,6.12
518,node/1295941117,6.53
518,node/1705773941,3.36
518,node/3089853126,2.3
518,node/10209515519,9.04
520,node/975673162,6.03
520,node/975673410,5.98
520,node/1705773941,9.23
520,node/3089853126,4.62
521,node/5126455071,9.29
521,node/9990941102,6.65
522,node/976073979,8.77
522,node/3286932011,9.31
522,node/3287621634,8.39
522,node/5126455071,0.43
522,node/9835514875,7.93
522,node/9990941102,6.53
522,node/11131421705,5.35
523,node/495546023,8.31
523,node/620902702,8.93
523,node/975670739,0.17
523,node/975671696,4.83
523,node/975672424,4.92
523,node/1295941117,5.02
523,node/1705773941,5.7
523,node/3089853126,9.67
523,node/4290164395,7.74
523,node/10209515519,4.18
524,node/1485695286,7.49
524,node/1753740067,8.41
524,node/2171564973,7.47
524,node/2171569321,7.5
524,node/2394392190,4.81
524,node/2394392276,4.65
524,node/3014882679,7.02
524,node/12690839301,9.61
524,node/12798545202,9.22
524,node/12851543002,9.13
524,node/12851543201,9.92
524,node/12851543401,9.91
524,node/13504496001,7.29
524,node/13609474101,9.7
524,node/13609474201,8.85
525,node/975673705,9.01
525,node/1375139420,7.17
525,node/4951769157,9.8
525,node/6693339293,1.37
525,node/9990941102,5.62
526,node/975673705,9.95
526,node/1375139420,8.3
526,node/6693339293,0.5
526,node/9990941102,5.03
527,node/6693339293,3.17
527,node/9990941102,5.29
528,node/1485695286,8.59
528,node/6693339293,4.81
528,node/9990941102,6.64
529,node/1485695286,9.55
529,node/6693339293,3.85
529,node/9990941102,6.08
530,node/6693339293,3.39
530,node/9990941102,5.6
531,node/975673705,9.51
531,node/1375139420,7.81
531,node/6693339293,0.84
531,node/9990941102,5.22
532,node/1375139420,9.91
532,node/6693339293,1.45
532,node/9990941102,5.18
533,node/975673705,9.78
533,node/1375139420,8.09
533,node/6693339293,0.6
533,node/9990941102,5.12
534,node/975673705,8.4
534,node/1375139420,6.34
534,node/4951752721,9.63
534,node/4951769157,9.13
534,node/6693339293,2.14
534,node/9990941102,6.22
535,node/6693339293,3.35
535,node/9990941102,5.02
536,node/6693339293,2.45
536,node/9990941102,4.95
537,node/1485695286,9.97
537,node/6693339293,3.43
537,node/9990941102,5.88
538,node/976076698,1.1
538,node/4961951568,0.87
539,node/1485695286,0.43
539,node/1753740067,9.02
539,node/2171564973,5.73
539,node/2171569321,4.91
539,node/2394392190,2.31
539,node/2394392276,2.48
539,node/12690839301,9.9
539,node/12798545202,9.67
539,node/12851543002,9.61
539,node/13049930363,9.94
539,node/13504496001,8.0
539,node/13609474101,9.98
539,node/13609474201,9.45
540,node/1485695286,0.23
540,node/1753740067,9.56
540,node/2171564973,6.21
540,node/2171569321,5.37
540,node/2394392190,2.92
540,node/2394392276,3.06
540,node/13504496001,8.56
540,node/13609474201,9.98
541,node/1485695286,1.23
541,node/1753740067,8.23
541,node/2171564973,4.99
541,node/2171569321,4.2
541,node/2394392190,1.84
541,node/2394392276,2.09
541,node/12690839301,9.14
541,node/12798545202,8.9
541,node/12851543002,8.83
541,node/12853450101,9.42
541,node/13049930363,9.23
541,node/13504496001,7.2
541,node/13609474101,9.22
541,node/13609474201,8.67
542,node/1485695286,0.98
542,node/1753740067,8.53
542,node/2171564973,5.28
542,node/2171569321,4.49
542,node/2394392190,1.88
542,node/2394392276,2.1
542,node/12690839301,9.43
542,node/12798545202,9.19
542,node/12851543002,9.13
542,node/12853450101,9.71
542,node/13049930363,9.52
542,node/13504496001,7.49
542,node/13609474101,9.51
542,node/13609474201,8.96
543,node/2379492142,2.48
544,node/975673705,2.11
544,node/1375139420,4.75
544,node/4951752721,0.16
544,node/4951769157,0.81
545,node/975670739,7.5
545,node/975671696,5.03
545,node/975672424,3.88
545,node/975673162,7.96
545,node/975673410,8.67
545,node/1295941117,4.12
545,node/1705773941,3.74
545,node/3089853126,2.22
545,node/10209515519,6.8
546,node/486131933,8.78
546,node/746608887,9.45
546,node/975656823,5.9
546,node/3702036074,4.97
547,node/1786185795,6.17
547,node/2094210250,1.39
547,node/8263752334,5.84
548,node/486087252,2.21
548,node/486131933,8.7
548,node/495546023,4.73
548,node/620902702,4.32
548,node/4290164395,5.19
549,node/746608887,7.83
549,node/1885465875,7.54
549,node/2091682258,6.08
549,node/2974027804,8.9
549,node/4431034388,7.09
549,node/4975913426,2.89
549,node/6448541470,3.37
550,node/746608887,7.53
550,node/1885465875,7.63
550,node/2091682258,5.71
550,node/2974027804,8.45
550,node/4431034388,7.17
550,node/4975913426,2.69
550,node/6448541470,2.91
551,node/486087252,6.25
551,node/495546023,0.75
551,node/620902702,1.4
551,node/975670739,8.06
551,node/4290164395,0.48
551,node/10209515519,8.79
552,node/486087252,6.03
552,node/495546023,1.59
552,node/620902702,2.18
552,node/975670739,8.08
552,node/4290164395,1.17
552,node/10209515519,9.19
553,node/486087252,6.29
553,node/495546023,1.73
553,node/620902702,2.37
553,node/975670739,7.81
553,node/4290164395,1.2
553,node/10209515519,8.99
554,node/486087252,6.16
554,node/495546023,1.56
554,node/620902702,2.18
554,node/975670739,7.96
554,node/4290164395,1.09
554,node/10209515519,9.06
555,node/486087252,4.67
555,node/495546023,2.29
555,node/620902702,2.52
555,node/975670739,9.43
555,node/4290164395,2.26
556,node/486087252,5.54
556,node/486131933,8.89
556,node/495546023,5.26
556,node/620902702,4.55
556,node/4290164395,5.96
557,node/486087252,5.48
557,node/486131933,8.52
557,node/495546023,5.6
557,node/620902702,4.89
557,node/4290164395,6.3
558,node/486087252,5.41
558,node/486131933,8.36
558,node/495546023,5.72
558,node/620902702,5.01
558,node/4290164395,6.41
559,node/486087252,5.48
559,node/486131933,8.42
559,node/495546023,5.71
559,node/620902702,5.0
559,node/4290164395,6.4
560,node/486087252,5.46
560,node/486131933,7.49
560,node/495546023,6.6
560,node/620902702,5.9
560,node/4290164395,7.28
561,node/486087252,5.51
561,node/486131933,7.4
561,node/495546023,6.71
561,node/620902702,6.02
561,node/4290164395,7.39
562,node/1786185795,2.43
562,node/1885465875,7.22
562,node/2094210250,9.75
562,node/4431034388,7.58
562,node/8263752334,2.58
563,node/1786185795,2.22
563,node/1885465875,7.45
563,node/2094210250,9.67
563,node/4431034388,7.79
563,node/8263752334,2.45
564,node/1786185795,2.39
564,node/1885465875,7.27
564,node/2094210250,9.82
564,node/4431034388,7.62
564,node/8263752334,2.61
565,node/1786185795,0.88
565,node/1885465875,8.89
565,node/2094210250,8.43
565,node/4431034388,9.23
565,node/8263752334,1.32
566,node/1786185795,0.48
566,node/1885465875,9.26
566,node/2094210250,8.03
566,node/4431034388,9.61
566,node/8263752334,0.97
567,node/1786185795,0.29
567,node/1885465875,9.66
567,node/2094210250,7.41
567,node/8263752334,0.28
568,node/1786185795,0.62
568,node/1885465875,9.17
568,node/2094210250,8.16
568,node/4431034388,9.51
568,node/8263752334,1.12
569,node/1786185795,0.21
569,node/1885465875,9.44
569,node/2094210250,7.74
569,node/4431034388,9.79
569,node/8263752334,0.65
570,node/1786185795,0.48
570,node/1885465875,9.17
570,node/2094210250,8.02
570,node/4431034388,9.52
570,node/8263752334,0.87
571,node/1786185795,0.64
571,node/1885465875,9.02
571,node/2094210250,8.18
571,node/4431034388,9.38
571,node/8263752334,1.02
572,node/1786185795,0.48
572,node/1885465875,9.16
572,node/2094210250,8.0
572,node/4431034388,9.52
572,node/8263752334,0.84
573,node/1786185795,0.56
573,node/1885465875,9.09
573,node/2094210250,8.11
573,node/4431034388,9.45
573,node/8263752334,0.95
574,node/580692583,9.73
574,node/1786185795,7.95
574,node/2094210250,0.46
574,node/8263752334,7.6
575,node/580692583,9.87
575,node/1786185795,7.76
575,node/2094210250,0.33
575,node/8263752334,7.41
576,node/2091682258,9.74
576,node/2974027804,8.89
576,node/8739721937,2.05
576,node/8739721939,1.72
577,node/1885465875,4.33
577,node/2091682258,4.14
577,node/2974027804,9.79
577,node/4431034388,3.84
577,node/4975913426,1.31
577,node/6448541470,4.14
578,node/746608887,9.29
578,node/1885465875,5.52
578,node/2091682258,3.7
578,node/2974027804,8.71
578,node/4431034388,5.03
578,node/4975913426,0.14
578,node/6448541470,2.97
579,node/1885465875,4.22
579,node/2091682258,4.21
579,node/2974027804,9.9
579,node/4431034388,3.72
579,node/4975913426,1.43
579,node/6448541470,4.26
580,node/746608887,9.4
580,node/1885465875,5.4
580,node/2091682258,3.78
580,node/2974027804,8.84
580,node/4431034388,4.91
580,node/4975913426,0.27
580,node/6448541470,3.1
581,node/1885465875,2.66
581,node/2091682258,4.62
581,node/4431034388,2.19
581,node/4975913426,3.2
581,node/6448541470,5.86
582,node/1885465875,1.93
582,node/2091682258,5.29
582,node/4431034388,1.48
582,node/4975913426,3.93
582,node/6448541470,6.63
583,node/1885465875,2.78
583,node/2091682258,4.55
583,node/4431034388,2.3
583,node/4975913426,3.05
583,node/6448541470,5.72
584,node/1885465875,0.66
584,node/2091682258,6.53
584,node/4431034388,0.33
584,node/4975913426,5.08
584,node/6448541470,7.84
585,node/1786185795,6.38
585,node/1885465875,4.92
585,node/4431034388,5.41
585,node/8263752334,6.25
586,node/1786185795,6.24
586,node/1885465875,5.45
586,node/4431034388,5.94
586,node/8263752334,6.06
587,node/746608887,6.49
587,node/1885465875,8.39
587,node/2091682258,3.93
587,node/2974027804,6.13
587,node/4431034388,7.89
587,node/4975913426,2.76
587,node/6448541470,0.41
588,node/746608887,6.66
588,node/1885465875,8.22
588,node/2091682258,3.82
588,node/2974027804,6.25
588,node/4431034388,7.72
588,node/4975913426,2.59
588,node/6448541470,0.43
589,node/746608887,6.75
589,node/1885465875,8.12
589,node/2091682258,3.78
589,node/2974027804,6.33
589,node/4431034388,7.63
589,node/4975913426,2.49
589,node/6448541470,0.48
590,node/486131933,9.48
590,node/746608887,5.93
590,node/1885465875,8.94
590,node/2091682258,4.32
590,node/2974027804,5.77
590,node/4431034388,8.44
590,node/4975913426,3.3
590,node/6448541470,0.73
591,node/486131933,9.81
591,node/746608887,6.26
591,node/1885465875,8.61
591,node/2091682258,4.07
591,node/2974027804,5.96
591,node/4431034388,8.12
591,node/4975913426,2.98
591,node/6448541470,0.48
592,node/1786185795,7.7
592,node/1885465875,3.29
592,node/4431034388,3.78
592,node/4975913426,8.92
592,node/8263752334,7.65
593,node/1885465875,0.58
593,node/2091682258,6.7
593,node/4431034388,0.1
593,node/4975913426,5.05
593,node/6448541470,7.85
594,node/1885465875,2.29
594,node/2091682258,7.75
594,node/4431034388,2.59
594,node/4975913426,7.19
594,node/6448541470,9.78
595,node/746608887,8.62
595,node/975656823,9.8
595,node/4975913426,7.02
595,node/6448541470,7.15
596,node/746608887,8.86
596,node/1885465875,8.15
596,node/2091682258,0.98
596,node/2974027804,5.99
596,node/4431034388,7.71
596,node/4975913426,4.09
596,node/6448541470,3.35
596,node/8739721937,7.42
596,node/8739721939,7.64
597,node/746608887,8.77
597,node/1885465875,8.28
597,node/2091682258,1.12
597,node/2974027804,5.86
597,node/4431034388,7.84
597,node/4975913426,4.18
597,node/6448541470,3.34
597,node/8739721937,7.33
597,node/8739721939,7.55
598,node/1885465875,3.75
598,node/2091682258,4.43
598,node/4431034388,3.26
598,node/4975913426,1.89
598,node/6448541470,4.71
599,node/1885465875,3.65
599,node/2091682258,4.41
599,node/4431034388,3.16
599,node/4975913426,1.98
599,node/6448541470,4.79
600,node/1885465875,3.46
600,node/2091682258,4.19
600,node/4431034388,2.97
600,node/4975913426,2.26
600,node/6448541470,4.98
601,node/1885465875,3.48
601,node/2091682258,4.38
601,node/4431034388,2.99
601,node/4975913426,2.17
601,node/6448541470,4.95
602,node/1885465875,3.58
602,node/2091682258,4.42
602,node/4431034388,3.09
602,node/4975913426,2.06
602,node/6448541470,4.86
603,node/1885465875,3.96
603,node/2091682258,4.41
603,node/4431034388,3.47
603,node/4975913426,1.7
603,node/6448541470,4.53
604,node/1885465875,3.52
604,node/2091682258,4.29
604,node/4431034388,3.03
604,node/4975913426,2.14
604,node/6448541470,4.91
605,node/1786185795,5.49
605,node/1885465875,5.12
605,node/4431034388,5.59
605,node/8263752334,5.39
606,node/486131933,8.43
606,node/746608887,5.34
606,node/2091682258,6.99
606,node/2974027804,0.23
606,node/4975913426,8.7
606,node/6448541470,6.03
606,node/8739721937,6.68
606,node/8739721939,7.02
607,node/1786185795,8.59
607,node/1885465875,2.03
607,node/2091682258,8.9
607,node/4431034388,2.51
607,node/4975913426,7.65
607,node/8263752334,8.61
608,node/1786185795,8.86
608,node/1885465875,1.82
608,node/2091682258,8.61
608,node/4431034388,2.3
608,node/4975913426,7.42
608,node/8263752334,8.89
609,node/1786185795,8.67
609,node/1885465875,1.85
609,node/2091682258,8.74
609,node/4431034388,2.33
609,node/4975913426,7.47
609,node/8263752334,8.7
610,node/486087252,2.87
610,node/495546023,3.61
610,node/620902702,3.47
610,node/4290164395,3.86
611,node/486087252,2.81
611,node/495546023,3.81
611,node/620902702,3.74
611,node/4290164395,3.99
612,node/486087252,3.53
612,node/495546023,2.95
612,node/620902702,2.65
612,node/4290164395,3.35
613,node/486087252,5.97
613,node/495546023,0.57
613,node/620902702,0.39
613,node/975670739,8.8
613,node/4290164395,1.23
613,node/10209515519,9.1
614,node/486087252,1.98
614,node/486131933,8.96
614,node/495546023,4.66
614,node/620902702,4.31
614,node/4290164395,5.06
615,node/486087252,1.57
615,node/486131933,7.04
615,node/495546023,6.59
615,node/620902702,6.18
615,node/4290164395,7.02
616,node/486087252,3.78
616,node/486131933,9.63
616,node/495546023,3.6
616,node/620902702,3.05
616,node/4290164395,4.19
617,node/486087252,3.38
617,node/486131933,7.15
617,node/495546023,6.1
617,node/620902702,5.52
617,node/4290164395,6.68
618,node/486087252,3.34
618,node/486131933,7.16
618,node/495546023,6.09
618,node/620902702,5.51
618,node/4290164395,6.66
619,node/486087252,2.27
619,node/486131933,7.38
619,node/495546023,5.94
619,node/620902702,5.46
619,node/4290164395,6.44
620,node/486087252,8.0
620,node/486131933,0.17
620,node/746608887,3.85
620,node/2974027804,8.36
621,node/486087252,9.07
621,node/486131933,0.99
621,node/746608887,2.8
621,node/2974027804,7.6
621,node/6448541470,9.18
622,node/486131933,3.42
622,node/746608887,0.57
622,node/2091682258,9.88
622,node/2974027804,5.68
622,node/4975913426,9.28
622,node/6448541470,6.73
623,node/486131933,4.66
623,node/746608887,0.97
623,node/2091682258,8.61
623,node/2974027804,4.54
623,node/4975913426,8.26
623,node/6448541470,5.59
624,node/486131933,4.45
624,node/746608887,0.75
624,node/2091682258,8.83
624,node/2974027804,4.6
624,node/4975913426,8.5
624,node/6448541470,5.83
625,node/486131933,4.35
625,node/746608887,0.66
625,node/2091682258,8.93
625,node/2974027804,4.6
625,node/4975913426,8.62
625,node/6448541470,5.95
626,node/486131933,2.9
626,node/746608887,0.95
626,node/2974027804,6.05
626,node/4975913426,9.77
626,node/6448541470,7.24
627,node/486131933,3.07
627,node/746608887,0.77
627,node/2974027804,5.88
627,node/4975913426,9.62
627,node/6448541470,7.08
628,node/486131933,7.09
628,node/746608887,4.18
628,node/2091682258,7.52
628,node/2974027804,6.81
628,node/4975913426,5.78
628,node/6448541470,3.92
629,node/486131933,5.75
629,node/746608887,2.89
629,node/2091682258,8.33
629,node/2974027804,6.35
629,node/4975913426,6.99
629,node/6448541470,4.82
630,node/486131933,4.96
630,node/746608887,1.29
630,node/2091682258,8.32
630,node/2974027804,4.54
630,node/4975913426,7.91
630,node/6448541470,5.26
631,node/486131933,6.22
631,node/746608887,2.6
631,node/2091682258,7.11
631,node/2974027804,4.47
631,node/4975913426,6.6
631,node/6448541470,3.95
632,node/486131933,5.89
632,node/746608887,2.28
632,node/2091682258,7.44
632,node/2974027804,4.52
632,node/4975913426,6.92
632,node/6448541470,4.28
633,node/486131933,4.58
633,node/746608887,0.89
633,node/2091682258,8.69
633,node/2974027804,4.54
633,node/4975913426,8.36
633,node/6448541470,5.69
634,node/486131933,4.27
634,node/746608887,0.6
634,node/2091682258,9.02
634,node/2974027804,4.59
634,node/4975913426,8.74
634,node/6448541470,6.06
635,node/486131933,4.4
635,node/746608887,0.71
635,node/2091682258,8.88
635,node/2974027804,4.6
635,node/4975913426,8.56
635,node/6448541470,5.89
636,node/486131933,3.6
636,node/746608887,0.23
636,node/2091682258,9.68
636,node/2974027804,5.34
636,node/4975913426,9.2
636,node/6448541470,6.6
637,node/486131933,3.2
637,node/746608887,0.59
637,node/2974027804,5.71
637,node/4975913426,9.53
637,node/6448541470,6.96
638,node/1248486909,1.21
639,node/1248486909,0.85
640,node/1248486909,2.1
641,node/1248486909,1.95
642,node/498376267,0.31
642,node/2916294595,3.16
643,node/498376267,0.09
643,node/2916294595,3.06
644,node/568521484,7.95
644,node/3539207106,5.73
644,node/3539207107,5.63
645,node/568521484,8.31
645,node/3539207106,5.5
645,node/3539207107,5.41
646,node/568521484,8.05
646,node/3539207106,6.29
646,node/3539207107,6.19
647,node/445327455,6.42
647,node/1753810367,3.27
647,node/1754023824,0.15
647,node/2229134869,5.14
647,node/10799805691,7.41
648,node/445327455,7.19
648,node/1753810367,2.79
648,node/1754023824,0.92
648,node/2229134869,5.88
648,node/10799805691,6.96
649,node/1753810367,4.82
649,node/1754023824,8.16
650,node/1753810367,4.84
650,node/1754023824,8.18
651,node/445327455,0.97
651,node/1753810367,8.56
651,node/1754023824,6.37
651,node/2229134869,3.68
652,node/568521484,8.29
652,node/3539207106,4.22
652,node/3539207107,4.13
653,node/445327455,0.67
653,node/1753810367,8.2
653,node/1754023824,5.84
653,node/2229134869,3.04
653,node/10974134435,10.0
654,node/445327455,0.16
654,node/1753810367,8.84
654,node/1754023824,6.38
654,node/2229134869,3.02
654,node/10974134435,9.7
655,node/568521484,9.51
655,node/2916294595,7.96
655,node/3539207106,0.63
655,node/3539207107,0.71
656,node/568521484,9.46
656,node/2916294595,8.01
656,node/3539207106,0.6
656,node/3539207107,0.67
657,node/568521484,9.45
657,node/2916294595,8.05
657,node/3539207106,0.52
657,node/3539207107,0.6
658,node/568521484,9.93
658,node/2916294595,7.44
658,node/3539207106,1.23
658,node/3539207107,1.33
659,node/498376267,9.97
659,node/2916294595,7.15
659,node/3539207106,1.34
659,node/3539207107,1.48
660,node/568521484,9.43
660,node/2916294595,8.15
660,node/3539207106,0.26
660,node/3539207107,0.39
661,node/568521484,9.07
661,node/2916294595,8.68
661,node/3539207106,0.35
661,node/3539207107,0.24
662,node/498376267,7.18
662,node/2916294595,4.27
662,node/3539207106,5.81
662,node/3539207107,5.94
663,node/498376267,7.11
663,node/2916294595,4.25
663,node/3539207106,6.21
663,node/3539207107,6.33
664,node/1787186366,2.43
665,node/1787186366,0.5
666,node/1787186366,0.44
667,node/1787186366,0.49
668,node/1457628310,8.66
668,node/1787186366,3.94
669,node/1457628310,8.73
669,node/1787186366,3.86
670,node/1787186366,0.37
671,node/1787186366,0.66
672,node/1787186366,1.58
673,node/1787186366,1.51
674,node/1457628310,9.8
674,node/1893010725,0.58
675,node/1893010725,0.83
676,node/1457628310,5.77
676,node/1893010725,9.22
677,node/1457628310,5.49
677,node/1893010725,9.21
678,node/1457628310,5.16
679,node/1248486909,9.52
679,node/1457628310,9.81
679,node/1893010725,1.89
680,node/472380491,6.87
680,node/2001082254,5.91
680,node/5768986685,8.89
680,node/5894352111,5.8
680,node/5894352112,5.86
680,node/5894352113,5.89
680,node/5894352114,5.98
680,node/5894376429,4.16
680,node/9924137177,8.3
681,node/472380491,6.29
681,node/2001082254,6.64
681,node/5768986685,7.96
681,node/5894352111,6.42
681,node/5894352112,6.45
681,node/5894352113,6.48
681,node/5894352114,6.58
681,node/5894376429,4.94
681,node/9924137177,7.38
682,node/472380491,5.87
682,node/602770087,9.54
682,node/2001082254,8.19
682,node/2159686915,9.47
682,node/2623606984,9.87
682,node/2624003643,9.29
682,node/5768986685,6.61
682,node/5894352111,7.86
682,node/5894352112,7.87
682,node/5894352113,7.89
682,node/5894352114,7.99
682,node/5894376429,6.56
682,node/9924137177,6.11
683,node/472380491,5.95
683,node/602770087,9.82
683,node/2001082254,7.91
683,node/2159686915,9.78
683,node/2624003643,9.53
683,node/5768986685,6.87
683,node/5894352111,7.6
683,node/5894352112,7.61
683,node/5894352113,7.63
683,node/5894352114,7.73
683,node/5894376429,6.26
683,node/9924137177,6.36
684,node/472380491,5.7
684,node/602770087,8.89
684,node/2001082254,8.81
684,node/2159686915,8.75
684,node/2623606984,9.24
684,node/2624003643,8.71
684,node/5768986685,5.99
684,node/5894352111,8.44
684,node/5894352112,8.44
684,node/5894352113,8.45
684,node/5894352114,8.55
684,node/5894376429,7.22
684,node/9924137177,5.53
685,node/472380491,5.83
685,node/602770087,9.4
685,node/2001082254,8.32
685,node/2159686915,9.32
685,node/2623606984,9.74
685,node/2624003643,9.16
685,node/5768986685,6.47
685,node/5894352111,7.98
685,node/5894352112,7.99
685,node/5894352113,8.0
685,node/5894352114,8.11
685,node/5894376429,6.7
685,node/9924137177,5.98
686,node/472380491,8.78
686,node/2001082254,4.29
686,node/2520729023,9.73
686,node/5894352111,4.6
686,node/5894352112,4.73
686,node/5894352113,4.79
686,node/5894352114,4.84
686,node/5894376429,2.75
687,node/472380491,5.3
687,node/602770087,7.67
687,node/2001082254,9.68
687,node/2159686915,7.47
687,node/2623606984,8.06
687,node/2624003643,7.59
687,node/5768986685,4.83
687,node/5894352111,9.23
687,node/5894352112,9.2
687,node/5894352113,9.21
687,node/5894352114,9.31
687,node/5894376429,8.18
687,node/9924137177,4.44
688,node/472380491,4.98
688,node/602770087,6.21
688,node/2159686915,5.97
688,node/2623606984,6.64
688,node/2624003643,6.25
688,node/5768986685,3.47
688,node/5894376429,9.25
688,node/9924137177,3.19
689,node/445327455,9.95
689,node/1754023824,9.39
689,node/2229134869,7.22
689,node/10799805691,8.65
689,node/10974134435,2.47
690,node/1754023824,9.05
690,node/2229134869,7.36
690,node/10799805691,7.82
690,node/10974134435,3.33
691,node/1754023824,9.44
691,node/2229134869,7.37
691,node/10799805691,8.51
691,node/10974134435,2.66
692,node/1754023824,9.25
692,node/2229134869,7.4
692,node/10799805691,8.12
692,node/10974134435,3.06
693,node/445327455,9.84
693,node/1754023824,9.41
693,node/2229134869,7.13
693,node/10799805691,8.82
693,node/10974134435,2.27
694,node/445327455,9.84
694,node/1438365155,8.18
694,node/2229134869,7.75
694,node/10974134435,1.38
695,node/1754023824,8.82
695,node/2229134869,7.3
695,node/10799805691,7.5
695,node/10974134435,3.62
696,node/1754023824,8.14
696,node/2229134869,7.5
696,node/10799805691,6.06
696,node/10974134435,5.04
697,node/1754023824,8.07
697,node/2229134869,7.52
697,node/10799805691,5.91
697,node/10974134435,5.18
698,node/1754023824,8.51
698,node/2229134869,7.48
698,node/10799805691,6.7
698,node/10974134435,4.43
699,node/1754023824,8.37
699,node/2229134869,7.42
699,node/10799805691,6.54
699,node/10974134435,4.56
700,node/1754023824,8.05
700,node/2229134869,8.32
700,node/10799805691,4.66
700,node/10974134435,6.53
702,node/445327431,0.19
702,node/445327437,3.61
702,node/1438365155,8.01
702,node/3722393514,3.75
703,node/445327437,9.69
703,node/1389212409,5.86
703,node/3722393514,9.47
704,node/1389212409,6.44
706,node/445327431,3.49
706,node/445327437,0.06
706,node/1389212409,8.51
706,node/3722393514,0.36
707,node/445327455,9.93
707,node/1438365155,7.44
707,node/2229134869,8.01
707,node/10974134435,2.12
708,node/1438365155,6.01
708,node/2229134869,8.84
708,node/10974134435,3.55
709,node/1438365155,4.39
709,node/2229134869,9.85
709,node/10974134435,5.16
710,node/1438365155,3.78
710,node/10974134435,5.77
711,node/1438365155,3.74
711,node/10974134435,5.86
712,node/445327431,3.83
712,node/445327437,7.25
712,node/1438365155,4.41
712,node/3722393514,7.38
713,node/445327431,4.78
713,node/445327437,8.21
713,node/1438365155,3.47
713,node/3722393514,8.34
714,node/445327431,7.58
714,node/1438365155,0.68
715,node/445327431,6.37
715,node/445327437,9.79
715,node/1438365155,1.82
715,node/3722393514,9.89
716,node/445327431,7.9
716,node/1438365155,0.34
716,node/10974134435,9.86
717,node/1389212409,7.8
718,node/445327431,8.74
718,node/445327437,5.38
718,node/1389212409,4.9
718,node/3722393514,5.19
719,node/445327431,5.52
719,node/445327437,2.13
719,node/1389212409,6.84
719,node/3722393514,1.96
720,node/568521484,2.3
720,node/3539207107,9.88
721,node/568521484,3.77
722,node/568521484,2.83
722,node/1578590107,5.7
722,node/2520729023,6.7
722,node/3539207106,9.06
722,node/3539207107,8.85
723,node/568521484,2.01
723,node/3539207106,9.53
723,node/3539207107,9.32
724,node/568521484,1.19
724,node/1578590107,9.68
724,node/3539207106,9.53
724,node/3539207107,9.32
725,node/568521484,2.24
725,node/1578590107,6.25
725,node/2520729023,7.21
725,node/3539207106,9.27
725,node/3539207107,9.06
726,node/568521484,0.15
726,node/1578590107,8.36
726,node/2520729023,9.3
726,node/3539207106,9.39
726,node/3539207107,9.18
727,node/1753810367,8.53
727,node/10799805691,9.07
728,node/568521484,4.48
729,node/568521484,6.33
730,node/568521484,7.43
731,node/568521484,5.19
732,node/568521484,5.37
733,node/568521484,8.79
734,node/1753810367,8.5
734,node/1754023824,7.52
734,node/10799805691,0.06
735,node/568521484,8.61
735,node/1578590107,0.14
735,node/2001082254,8.07
735,node/2520729023,1.04
735,node/5894352111,8.73
735,node/5894352112,8.82
735,node/5894352113,8.84
735,node/5894352114,8.75
735,node/5894376429,9.41
736,node/568521484,5.54
736,node/1578590107,2.99
736,node/2520729023,4.05
736,node/3539207106,9.98
736,node/3539207107,9.8
737,node/568521484,9.19
737,node/1578590107,0.88
737,node/2001082254,7.75
737,node/2520729023,0.3
737,node/5894352111,8.44
737,node/5894352112,8.54
737,node/5894352113,8.57
737,node/5894352114,8.48
737,node/5894376429,9.0
738,node/472380491,8.85
738,node/1578590107,7.2
738,node/2001082254,1.12
738,node/2520729023,6.76
738,node/5894352111,1.62
738,node/5894352112,1.71
738,node/5894352113,1.73
738,node/5894352114,1.64
738,node/5894376429,2.86
739,node/472380491,8.73
739,node/1578590107,7.35
739,node/2001082254,0.92
739,node/2520729023,6.88
739,node/5894352111,1.47
739,node/5894352112,1.57
739,node/5894352113,1.6
739,node/5894352114,1.52
739,node/5894376429,2.65
740,node/472380491,8.59
740,node/1578590107,7.45
740,node/2001082254,0.96
740,node/2520729023,7.01
740,node/5894352111,1.38
740,node/5894352112,1.46
740,node/5894352113,1.48
740,node/5894352114,1.39
740,node/5894376429,2.72
741,node/472380491,5.25
741,node/2001082254,3.11
741,node/5768986685,8.81
741,node/5894352111,2.57
741,node/5894352112,2.54
741,node/5894352113,2.54
741,node/5894352114,2.64
741,node/5894376429,2.14
741,node/9924137177,8.14
742,node/472380491,9.19
742,node/1578590107,6.85
742,node/2001082254,1.43
742,node/2520729023,6.41
742,node/5894352111,1.97
742,node/5894352112,2.06
742,node/5894352113,2.08
742,node/5894352114,1.99
742,node/5894376429,3.13
743,node/472380491,7.18
743,node/1578590107,9.47
743,node/2001082254,1.48
743,node/2520729023,8.84
743,node/5894352111,1.45
743,node/5894352112,1.55
743,node/5894352113,1.61
743,node/5894352114,1.68
743,node/5894376429,0.45
744,node/1578590107,5.51
744,node/2001082254,2.66
744,node/2520729023,5.03
744,node/5894352111,3.32
744,node/5894352112,3.42
744,node/5894352113,3.45
744,node/5894352114,3.37
744,node/5894376429,4.14
745,node/472380491,6.29
745,node/1578590107,9.79
745,node/2001082254,1.77
745,node/2520729023,9.33
745,node/5894352111,0.99
745,node/5894352112,0.89
745,node/5894352113,0.86
745,node/5894352114,0.96
745,node/5894376429,2.02
745,node/9924137177,9.5
746,node/472380491,4.96
746,node/2001082254,3.1
746,node/5768986685,8.77
746,node/5894352111,2.38
746,node/5894352112,2.3
746,node/5894352113,2.28
746,node/5894352114,2.37
746,node/5894376429,2.62
746,node/9924137177,8.1
747,node/568521484,9.89
747,node/1578590107,1.51
747,node/2001082254,7.14
747,node/2520729023,0.51
747,node/5894352111,7.85
747,node/5894352112,7.96
747,node/5894352113,7.99
747,node/5894352114,7.9
747,node/5894376429,8.34
748,node/472380491,6.61
748,node/1578590107,9.46
748,node/2001082254,1.48
748,node/2520729023,9.0
748,node/5894352111,0.67
748,node/5894352112,0.55
748,node/5894352113,0.53
748,node/5894352114,0.62
748,node/5894376429,2.01
748,node/9924137177,9.84
749,node/1578590107,4.7
749,node/2001082254,3.47
749,node/2520729023,4.2
749,node/5894352111,4.15
749,node/5894352112,4.25
749,node/5894352113,4.28
749,node/5894352114,4.2
749,node/5894376429,4.87
750,node/1578590107,5.08
750,node/2001082254,3.09
750,node/2520729023,4.59
750,node/5894352111,3.76
750,node/5894352112,3.86
750,node/5894352113,3.89
750,node/5894352114,3.8
750,node/5894376429,4.52
751,node/601465074,7.45
751,node/1352175801,0.38
752,node/1352175801,7.78
753,node/580692583,4.44
753,node/601465074,6.85
753,node/2641111859,7.45
754,node/580692583,5.91
754,node/601465074,7.31
754,node/2159686915,9.17
754,node/2641111859,6.42
755,node/580692583,4.86
755,node/601465074,7.52
755,node/2641111859,7.74
756,node/580692583,9.45
756,node/601465074,7.43
756,node/602770087,5.44
756,node/2159686915,4.72
756,node/2623606984,5.68
756,node/2624003643,6.72
756,node/2641111859,2.13
756,node/5768986685,8.1
756,node/9924137177,8.77
757,node/601465074,8.22
757,node/602770087,4.39
757,node/2159686915,3.61
757,node/2623606984,4.68
757,node/2624003643,5.72
757,node/2641111859,1.89
757,node/5768986685,6.99
757,node/9924137177,7.66
758,node/472380491,9.76
758,node/601465074,9.62
758,node/602770087,3.47
758,node/2159686915,2.32
758,node/2623606984,3.95
758,node/2624003643,4.93
758,node/2641111859,2.86
758,node/5768986685,5.73
758,node/9924137177,6.41
759,node/601465074,8.58
759,node/602770087,3.97
759,node/2159686915,3.14
759,node/2623606984,4.29
759,node/2624003643,5.33
759,node/2641111859,1.99
759,node/5768986685,6.52
759,node/9924137177,7.2
760,node/580692583,8.55
760,node/601465074,7.34
760,node/602770087,6.64
760,node/2159686915,5.8
760,node/2623606984,6.91
760,node/2624003643,7.95
760,node/2641111859,3.28
760,node/5768986685,9.21
760,node/9924137177,9.88
761,node/472380491,4.21
761,node/602770087,2.94
761,node/2159686915,3.38
761,node/2623606984,3.24
761,node/2624003643,2.76
761,node/2641111859,7.11
761,node/5768986685,0.04
761,node/9924137177,0.72
762,node/472380491,4.55
762,node/602770087,2.6
762,node/2159686915,3.01
762,node/2623606984,2.93
762,node/2624003643,2.54
762,node/2641111859,6.75
762,node/5768986685,0.41
762,node/9924137177,1.09
763,node/601465074,6.88
763,node/602770087,4.3
763,node/2159686915,4.27
763,node/2623606984,4.28
763,node/2624003643,5.27
763,node/2641111859,0.12
763,node/5768986685,7.24
763,node/9924137177,7.87
764,node/601465074,6.92
764,node/602770087,4.39
764,node/2159686915,4.26
764,node/2623606984,4.41
764,node/2624003643,5.41
764,node/2641111859,0.24
764,node/5768986685,7.31
764,node/9924137177,7.95
765,node/472380491,6.8
765,node/602770087,1.01
765,node/2159686915,2.48
765,node/2623606984,0.46
765,node/2624003643,1.38
765,node/2641111859,3.82
765,node/5768986685,3.72
765,node/9924137177,4.26
766,node/472380491,6.61
766,node/602770087,0.49
766,node/2159686915,1.19
766,node/2623606984,1.2
766,node/2624003643,1.88
766,node/2641111859,4.3
766,node/5768986685,2.85
766,node/9924137177,3.49
767,node/472380491,6.45
767,node/602770087,0.63
767,node/2159686915,2.23
767,node/2623606984,0.09
767,node/2624003643,1.11
767,node/2641111859,4.17
767,node/5768986685,3.24
767,node/9924137177,3.79
768,node/472380491,5.51
768,node/602770087,1.71
768,node/2159686915,3.32
768,node/2623606984,1.15
768,node/2624003643,0.33
768,node/2641111859,5.18
768,node/5768986685,3.07
768,node/9924137177,3.44
769,node/472380491,6.6
769,node/602770087,0.09
769,node/2159686915,1.59
769,node/2623606984,0.74
769,node/2624003643,1.56
769,node/2641111859,4.13
769,node/5768986685,3.05
769,node/9924137177,3.66
770,node/472380491,7.25
770,node/602770087,1.11
770,node/2159686915,0.56
770,node/2623606984,1.78
770,node/2624003643,2.58
770,node/2641111859,3.94
770,node/5768986685,3.33
770,node/9924137177,4.0
771,node/472380491,0.06
771,node/602770087,6.48
771,node/2001082254,8.07
771,node/2159686915,7.42
771,node/2623606984,6.38
771,node/2624003643,5.4
771,node/5768986685,4.13
771,node/5894352111,7.31
771,node/5894352112,7.19
771,node/5894352113,7.16
771,node/5894352114,7.24
771,node/5894376429,7.41
771,node/9924137177,3.5
772,node/472380491,6.42
772,node/602770087,1.79
772,node/2159686915,1.21
772,node/2623606984,2.47
772,node/2624003643,2.8
772,node/2641111859,5.29
772,node/5768986685,2.28
772,node/9924137177,2.95
773,node/472380491,5.39
773,node/602770087,2.0
773,node/2159686915,2.15
773,node/2623606984,2.5
773,node/2624003643,2.43
773,node/2641111859,6.01
773,node/5768986685,1.27
773,node/9924137177,1.94
774,node/10771869340,8.31
774,node/10771869341,0.49
775,node/10771869340,8.06
775,node/10771869341,0.17
776,node/10771869340,1.99
777,node/10771869340,0.52
777,node/10771869341,8.6
778,node/10771869340,4.59
778,node/10771869341,9.77
779,node/2391984672,3.53
779,node/3294158123,4.1
779,node/5923733880,8.25
780,node/2391984672,2.56
780,node/3294158123,3.25
780,node/5923733880,8.85
781,node/2391984672,8.69
781,node/3294158123,8.32
781,node/3467916296,6.49
782,node/1378962758,0.76
783,node/1378962758,0.36
784,node/1378962758,0.95
785,node/1378962758,0.23
786,node/1844648999,9.72
786,node/2391984672,7.31
786,node/3294158123,8.07
786,node/5923733880,4.16
787,node/1446296896,4.33
787,node/2101121058,3.65
787,node/3467916296,9.99
787,node/5552020382,3.42
788,node/1446296896,3.4
788,node/2101121058,2.74
788,node/3467916296,9.02
788,node/5552020382,2.5
789,node/1446296896,4.73
789,node/2101121058,4.05
789,node/5552020382,3.81
790,node/1446296896,2.53
790,node/2101121058,1.89
790,node/3467916296,8.14
790,node/5552020382,1.64
791,node/1378962758,9.17
791,node/1446296896,5.64
791,node/2101121058,4.96
791,node/5552020382,4.72
792,node/1446296896,1.72
792,node/2101121058,1.89
792,node/3467916296,5.89
792,node/5552020382,1.95
793,node/1446296896,1.31
793,node/2101121058,1.88
793,node/3467916296,4.8
793,node/5552020382,2.07
794,node/1446296896,4.5
794,node/2101121058,3.82
794,node/5552020382,3.58
795,node/1446296896,1.36
795,node/2101121058,1.83
795,node/3467916296,5.09
795,node/5552020382,1.99
796,node/1446296896,1.24
796,node/2101121058,1.4
796,node/3467916296,5.9
796,node/5552020382,1.47
797,node/1446296896,1.57
797,node/2101121058,1.75
797,node/3467916296,5.85
797,node/5552020382,1.82
798,node/1446296896,5.8
798,node/2101121058,6.45
798,node/3467916296,2.1
798,node/5552020382,6.66
799,node/1446296896,0.66
799,node/2101121058,1.3
799,node/3467916296,5.11
799,node/5552020382,1.52
800,node/1446296896,1.1
800,node/2101121058,1.71
800,node/3467916296,4.74
800,node/5552020382,1.95
801,node/1446296896,4.84
801,node/2101121058,5.47
801,node/3467916296,2.1
801,node/5552020382,5.71
802,node/1446296896,5.89
802,node/2101121058,6.57
802,node/3467916296,0.27
802,node/5552020382,6.81
803,node/1378962758,9.65
803,node/1446296896,5.17
803,node/2101121058,4.49
803,node/5552020382,4.25
804,node/1446296896,4.2
804,node/2101121058,3.53
804,node/3467916296,9.86
804,node/5552020382,3.28
805,node/1446296896,3.36
805,node/2101121058,4.0
805,node/3467916296,2.66
805,node/5552020382,4.24
806,node/1446296896,3.5
806,node/2101121058,2.84
806,node/3467916296,9.15
806,node/5552020382,2.6
807,node/1446296896,9.54
807,node/3467916296,3.91
808,node/1446296896,0.97
808,node/2101121058,1.0
808,node/3467916296,6.06
808,node/5552020382,1.07
809,node/1446296896,3.91
809,node/2101121058,4.57
809,node/3467916296,1.94
809,node/5552020382,4.82
810,node/2391984672,6.27
810,node/3294158123,6.01
810,node/3467916296,8.99
811,node/1378962758,9.6
811,node/1446296896,5.21
811,node/2101121058,4.54
811,node/5552020382,4.3
812,node/1446296896,4.45
812,node/2101121058,5.07
812,node/3467916296,2.73
812,node/5552020382,5.27
813,node/7044842384,8.48
814,node/7044842384,7.57
815,node/7044842384,5.43
816,node/1920951574,2.72
816,node/2625350964,3.02
816,node/2669795557,0.07
816,node/3878797781,8.68
816,node/10051973555,5.0
817,node/1920951574,3.61
817,node/2625350964,4.55
817,node/2669795557,2.23
817,node/10051973555,3.11
818,node/1920951574,3.53
818,node/2625350964,3.89
818,node/2669795557,1.67
818,node/10051973555,3.77
819,node/1920951574,3.58
819,node/2625350964,4.48
819,node/2669795557,2.15
819,node/10051973555,3.18
820,node/1920951574,3.33
820,node/2625350964,4.99
820,node/2669795557,2.44
820,node/10051973555,2.68
821,node/10051973555,7.73
822,node/1920951574,3.94
822,node/2625350964,5.49
822,node/2669795557,3.1
822,node/10051973555,2.2
823,node/1920951574,5.45
823,node/2625350964,6.21
823,node/2669795557,4.32
823,node/10051973555,2.39
824,node/1920951574,5.79
824,node/2625350964,1.07
824,node/2669795557,3.6
824,node/3878797781,7.64
824,node/10051973555,8.52
825,node/1920951574,6.29
825,node/2625350964,1.39
825,node/2669795557,4.08
825,node/3878797781,7.75
825,node/10051973555,8.97
826,node/1920951574,5.52
826,node/2625350964,0.43
826,node/2669795557,3.14
826,node/3878797781,8.11
826,node/10051973555,7.97
828,node/7044842384,6.41
829,node/7044842384,5.5
831,node/1920951574,3.7
831,node/2625350964,6.57
831,node/2669795557,3.86
831,node/10051973555,1.26
832,node/1378962758,4.61
833,node/765806299,0.15
833,node/1920951551,6.41
833,node/9948261398,4.52
834,node/765806299,2.01
834,node/1920951551,6.11
834,node/9948261398,5.65
835,node/765806299,6.21
835,node/1920951551,0.38
835,node/9948261398,4.02
836,node/765806299,5.97
836,node/1920951551,4.29
836,node/9948261398,1.61
837,node/1378962758,9.26
837,node/1446296896,5.7
837,node/2101121058,5.05
837,node/5552020382,4.8
838,node/1378962758,8.96
838,node/1446296896,5.93
838,node/2101121058,5.27
838,node/5552020382,5.02
839,node/3467916296,5.56
840,node/3467916296,6.61
841,node/10051973555,8.3
842,node/1378962758,4.41
843,node/1378962758,4.66
846,node/2050534252,4.34
847,node/1844648999,9.97
847,node/2050534252,1.74
849,node/1844648999,9.69
849,node/2050534252,0.16
850,node/2050534252,8.23
853,node/11951606369,1.74
854,node/1446296896,6.83
854,node/2101121058,7.5
854,node/3467916296,1.26
854,node/5552020382,7.74
855,node/1920951574,0.85
855,node/2625350964,5.48
855,node/2669795557,2.57
855,node/3878797781,8.9
855,node/10051973555,4.04
856,node/1920951574,0.28
856,node/2625350964,5.53
856,node/2669795557,2.74
856,node/3878797781,8.36
856,node/10051973555,4.6
857,node/1920951574,1.37
857,node/2625350964,6.07
857,node/2669795557,3.76
857,node/3878797781,7.01
857,node/10051973555,6.15
860,node/1844648999,3.56
860,node/5923733880,2.57
861,node/1844648999,5.74
861,node/5923733880,0.14
862,node/1378962758,2.94
863,node/11951606369,5.01
864,node/11951606369,1.71
865,node/1844648999,0.1
865,node/2050534252,9.75
865,node/5923733880,5.64
867,node/2391984672,1.51
867,node/3294158123,2.44
867,node/5923733880,9.73
868,node/2391984672,0.99
868,node/3294158123,0.06
869,node/2391984672,0.75
869,node/3294158123,1.72
870,node/11951606369,3.55
871,node/11951606369,6.33
875,node/1378962758,4.78
876,node/11951606369,9.68
877,node/1844648999,2.67
877,node/5923733880,4.89
878,node/2391984672,8.47
878,node/3294158123,8.56
878,node/3467916296,8.92
879,node/2391984672,6.29
879,node/3294158123,6.95
880,node/1920951574,8.27
880,node/3878797781,6.46
881,node/1920951574,9.53
881,node/3878797781,5.98
883,node/1920951574,5.86
883,node/2625350964,8.19
883,node/2669795557,5.79
883,node/10051973555,1.02
